,bag_id,bag_size,method,classifier,mae,pred_pos,true_pos
0,0,100,CC,RF,0.13,0.64,0.77
1,1,100,CC,RF,0.04999999999999999,0.38,0.43
2,2,100,CC,RF,0.17999999999999994,0.67,0.85
3,3,100,CC,RF,0.08999999999999997,0.6,0.69
4,4,100,CC,RF,0.1,0.19,0.09
5,5,100,CC,RF,0.20999999999999996,0.76,0.97
6,6,100,CC,RF,0.15000000000000002,0.61,0.76
7,7,100,CC,RF,0.17000000000000004,0.61,0.78
8,8,100,CC,RF,0.05000000000000002,0.17,0.12
9,9,100,CC,RF,0.07,0.38,0.45
10,10,100,CC,RF,0.02999999999999997,0.34,0.37
11,11,100,CC,RF,0.19000000000000006,0.73,0.92
12,12,100,CC,RF,0.07000000000000006,0.57,0.64
13,13,100,CC,RF,0.17999999999999994,0.64,0.82
14,14,100,CC,RF,0.08000000000000002,0.36,0.44
15,15,100,CC,RF,0.01999999999999999,0.2,0.22
16,16,100,CC,RF,0.07000000000000006,0.48,0.55
17,17,100,CC,RF,0.13,0.19,0.06
18,18,100,CC,RF,0.1499999999999999,0.67,0.82
19,19,100,CC,RF,0.08999999999999997,0.54,0.63
20,20,100,CC,RF,0.14,0.61,0.75
21,21,100,CC,RF,0.10000000000000003,0.45,0.35
22,22,100,CC,RF,0.14,0.83,0.97
23,23,100,CC,RF,0.20000000000000007,0.69,0.89
24,24,100,CC,RF,0.14,0.63,0.77
25,25,100,CC,RF,0.06,0.25,0.19
26,26,100,CC,RF,0.040000000000000036,0.42,0.46
27,27,100,CC,RF,0.1,0.14,0.04
28,28,100,CC,RF,0.09,0.24,0.15
29,29,100,CC,RF,0.10000000000000009,0.58,0.68
30,30,100,CC,RF,0.10999999999999999,0.63,0.74
31,31,100,CC,RF,0.24,0.72,0.96
32,32,100,CC,RF,0.010000000000000009,0.33,0.32
33,33,100,CC,RF,0.03999999999999998,0.33,0.37
34,34,100,CC,RF,0.06,0.4,0.46
35,35,100,CC,RF,0.10999999999999999,0.29,0.18
36,36,100,CC,RF,0.13,0.25,0.12
37,37,100,CC,RF,0.019999999999999962,0.45,0.47
38,38,100,CC,RF,0.03,0.25,0.22
39,39,100,CC,RF,0.12,0.54,0.66
40,40,100,CC,RF,0.04999999999999999,0.38,0.43
41,41,100,CC,RF,0.20999999999999996,0.62,0.83
42,42,100,CC,RF,0.06999999999999995,0.63,0.7
43,43,100,CC,RF,0.0,0.31,0.31
44,44,100,CC,RF,0.16999999999999993,0.66,0.83
45,45,100,CC,RF,0.12,0.68,0.8
46,46,100,CC,RF,0.0,0.38,0.38
47,47,100,CC,RF,0.10999999999999999,0.39,0.28
48,48,100,CC,RF,0.13,0.55,0.68
49,49,100,CC,RF,0.010000000000000009,0.14,0.13
50,50,100,CC,RF,0.08000000000000002,0.27,0.19
51,51,100,CC,RF,0.11,0.11,0.0
52,52,100,CC,RF,0.18000000000000005,0.6,0.78
53,53,100,CC,RF,0.09999999999999998,0.56,0.66
54,54,100,CC,RF,0.06999999999999995,0.63,0.7
55,55,100,CC,RF,0.08000000000000007,0.7,0.78
56,56,100,CC,RF,0.020000000000000018,0.43,0.45
57,57,100,CC,RF,0.040000000000000036,0.52,0.56
58,58,100,CC,RF,0.07999999999999999,0.21,0.13
59,59,100,CC,RF,0.030000000000000013,0.14,0.11
60,60,100,CC,RF,0.06000000000000005,0.6,0.66
61,61,100,CC,RF,0.08999999999999997,0.38,0.47
62,62,100,CC,RF,0.050000000000000044,0.51,0.56
63,63,100,CC,RF,0.06000000000000005,0.7,0.76
64,64,100,CC,RF,0.08999999999999997,0.54,0.63
65,65,100,CC,RF,0.040000000000000036,0.51,0.55
66,66,100,CC,RF,0.0,0.55,0.55
67,67,100,CC,RF,0.04999999999999999,0.35,0.3
68,68,100,CC,RF,0.15,0.18,0.03
69,69,100,CC,RF,0.02999999999999997,0.4,0.43
70,70,100,CC,RF,0.09,0.3,0.21
71,71,100,CC,RF,0.030000000000000027,0.37,0.4
72,72,100,CC,RF,0.19999999999999996,0.65,0.85
73,73,100,CC,RF,0.09,0.32,0.23
74,74,100,CC,RF,0.09000000000000001,0.14,0.05
75,75,100,CC,RF,0.010000000000000009,0.27,0.28
76,76,100,CC,RF,0.020000000000000018,0.31,0.29
77,77,100,CC,RF,0.09000000000000008,0.57,0.66
78,78,100,CC,RF,0.050000000000000044,0.5,0.55
79,79,100,CC,RF,0.15000000000000002,0.63,0.78
80,80,100,CC,RF,0.09999999999999998,0.56,0.66
81,81,100,CC,RF,0.020000000000000018,0.38,0.4
82,82,100,CC,RF,0.16000000000000003,0.65,0.81
83,83,100,CC,RF,0.1,0.26,0.16
84,84,100,CC,RF,0.12000000000000001,0.14,0.02
85,85,100,CC,RF,0.13,0.22,0.09
86,86,100,CC,RF,0.039999999999999925,0.68,0.72
87,87,100,CC,RF,0.009999999999999953,0.47,0.46
88,88,100,CC,RF,0.01999999999999999,0.18,0.16
89,89,100,CC,RF,0.10999999999999999,0.39,0.5
90,90,100,CC,RF,0.05000000000000002,0.2,0.15
91,91,100,CC,RF,0.039999999999999925,0.65,0.69
92,92,100,CC,RF,0.0,0.44,0.44
93,93,100,CC,RF,0.020000000000000018,0.36,0.38
94,94,100,CC,RF,0.04999999999999999,0.35,0.3
95,95,100,CC,RF,0.040000000000000036,0.59,0.63
96,96,100,CC,RF,0.02999999999999997,0.33,0.36
97,97,100,CC,RF,0.15999999999999998,0.24,0.08
98,98,100,CC,RF,0.09999999999999999,0.21,0.11
99,99,100,CC,RF,0.14,0.82,0.96
100,0,200,CC,RF,0.125,0.645,0.77
101,1,200,CC,RF,0.03999999999999998,0.395,0.435
102,2,200,CC,RF,0.14500000000000002,0.71,0.855
103,3,200,CC,RF,0.1499999999999999,0.545,0.695
104,4,200,CC,RF,0.09,0.18,0.09
105,5,200,CC,RF,0.20499999999999996,0.77,0.975
106,6,200,CC,RF,0.14,0.62,0.76
107,7,200,CC,RF,0.16000000000000003,0.625,0.785
108,8,200,CC,RF,0.06,0.185,0.125
109,9,200,CC,RF,0.0050000000000000044,0.445,0.45
110,10,200,CC,RF,0.010000000000000009,0.38,0.37
111,11,200,CC,RF,0.1050000000000001,0.82,0.925
112,12,200,CC,RF,0.07500000000000007,0.565,0.64
113,13,200,CC,RF,0.125,0.695,0.82
114,14,200,CC,RF,0.0050000000000000044,0.445,0.44
115,15,200,CC,RF,0.05500000000000002,0.28,0.225
116,16,200,CC,RF,0.030000000000000027,0.52,0.55
117,17,200,CC,RF,0.10500000000000001,0.165,0.06
118,18,200,CC,RF,0.11499999999999999,0.71,0.825
119,19,200,CC,RF,0.10499999999999998,0.525,0.63
120,20,200,CC,RF,0.09499999999999997,0.66,0.755
121,21,200,CC,RF,0.0050000000000000044,0.345,0.35
122,22,200,CC,RF,0.19999999999999996,0.77,0.97
123,23,200,CC,RF,0.15000000000000002,0.74,0.89
124,24,200,CC,RF,0.11499999999999999,0.66,0.775
125,25,200,CC,RF,0.06,0.25,0.19
126,26,200,CC,RF,0.020000000000000018,0.445,0.465
127,27,200,CC,RF,0.1,0.14,0.04
128,28,200,CC,RF,0.08000000000000002,0.23,0.15
129,29,200,CC,RF,0.10000000000000009,0.58,0.68
130,30,200,CC,RF,0.13,0.61,0.74
131,31,200,CC,RF,0.19499999999999995,0.77,0.965
132,32,200,CC,RF,0.010000000000000009,0.315,0.325
133,33,200,CC,RF,0.0050000000000000044,0.365,0.37
134,34,200,CC,RF,0.025000000000000022,0.44,0.465
135,35,200,CC,RF,0.035,0.22,0.185
136,36,200,CC,RF,0.06,0.185,0.125
137,37,200,CC,RF,0.03999999999999998,0.435,0.475
138,38,200,CC,RF,0.05999999999999997,0.285,0.225
139,39,200,CC,RF,0.15500000000000003,0.51,0.665
140,40,200,CC,RF,0.044999999999999984,0.39,0.435
141,41,200,CC,RF,0.11499999999999999,0.715,0.83
142,42,200,CC,RF,0.07499999999999996,0.625,0.7
143,43,200,CC,RF,0.010000000000000009,0.32,0.31
144,44,200,CC,RF,0.10499999999999998,0.725,0.83
145,45,200,CC,RF,0.14500000000000002,0.655,0.8
146,46,200,CC,RF,0.0050000000000000044,0.39,0.385
147,47,200,CC,RF,0.04500000000000004,0.33,0.285
148,48,200,CC,RF,0.06500000000000006,0.615,0.68
149,49,200,CC,RF,0.07999999999999999,0.215,0.135
150,50,200,CC,RF,0.03999999999999998,0.235,0.195
151,51,200,CC,RF,0.11,0.115,0.005
152,52,200,CC,RF,0.16500000000000004,0.62,0.785
153,53,200,CC,RF,0.06000000000000005,0.6,0.66
154,54,200,CC,RF,0.10499999999999998,0.6,0.705
155,55,200,CC,RF,0.11499999999999999,0.665,0.78
156,56,200,CC,RF,0.015000000000000013,0.44,0.455
157,57,200,CC,RF,0.05499999999999994,0.51,0.565
158,58,200,CC,RF,0.08499999999999999,0.22,0.135
159,59,200,CC,RF,0.11,0.22,0.11
160,60,200,CC,RF,0.08500000000000008,0.58,0.665
161,61,200,CC,RF,0.024999999999999967,0.445,0.47
162,62,200,CC,RF,0.07499999999999996,0.49,0.565
163,63,200,CC,RF,0.11499999999999999,0.645,0.76
164,64,200,CC,RF,0.13,0.5,0.63
165,65,200,CC,RF,0.0,0.55,0.55
166,66,200,CC,RF,0.09500000000000003,0.46,0.555
167,67,200,CC,RF,0.0050000000000000044,0.295,0.3
168,68,200,CC,RF,0.11000000000000001,0.14,0.03
169,69,200,CC,RF,0.0,0.435,0.435
170,70,200,CC,RF,0.07000000000000003,0.28,0.21
171,71,200,CC,RF,0.019999999999999962,0.425,0.405
172,72,200,CC,RF,0.21499999999999997,0.635,0.85
173,73,200,CC,RF,0.06999999999999998,0.3,0.23
174,74,200,CC,RF,0.09,0.145,0.055
175,75,200,CC,RF,0.06,0.34,0.28
176,76,200,CC,RF,0.04500000000000004,0.335,0.29
177,77,200,CC,RF,0.09999999999999998,0.56,0.66
178,78,200,CC,RF,0.04500000000000004,0.51,0.555
179,79,200,CC,RF,0.09000000000000008,0.69,0.78
180,80,200,CC,RF,0.10499999999999998,0.555,0.66
181,81,200,CC,RF,0.014999999999999958,0.42,0.405
182,82,200,CC,RF,0.1200000000000001,0.69,0.81
183,83,200,CC,RF,0.06999999999999998,0.235,0.165
184,84,200,CC,RF,0.09,0.11,0.02
185,85,200,CC,RF,0.095,0.185,0.09
186,86,200,CC,RF,0.09999999999999998,0.62,0.72
187,87,200,CC,RF,0.065,0.395,0.46
188,88,200,CC,RF,0.04999999999999999,0.21,0.16
189,89,200,CC,RF,0.03999999999999998,0.46,0.5
190,90,200,CC,RF,0.07,0.22,0.15
191,91,200,CC,RF,0.07999999999999996,0.615,0.695
192,92,200,CC,RF,0.015000000000000013,0.43,0.445
193,93,200,CC,RF,0.015000000000000013,0.365,0.38
194,94,200,CC,RF,0.010000000000000009,0.31,0.3
195,95,200,CC,RF,0.08499999999999996,0.545,0.63
196,96,200,CC,RF,0.030000000000000027,0.39,0.36
197,97,200,CC,RF,0.03,0.115,0.085
198,98,200,CC,RF,0.08,0.195,0.115
199,99,200,CC,RF,0.21499999999999997,0.745,0.96
200,0,500,CC,RF,0.122,0.65,0.772
201,1,500,CC,RF,0.03199999999999997,0.406,0.438
202,2,500,CC,RF,0.14400000000000002,0.714,0.858
203,3,500,CC,RF,0.11399999999999999,0.582,0.696
204,4,500,CC,RF,0.126,0.22,0.094
205,5,500,CC,RF,0.18799999999999994,0.786,0.974
206,6,500,CC,RF,0.10999999999999999,0.65,0.76
207,7,500,CC,RF,0.136,0.65,0.786
208,8,500,CC,RF,0.07200000000000001,0.2,0.128
209,9,500,CC,RF,0.03200000000000003,0.418,0.45
210,10,500,CC,RF,0.008000000000000007,0.362,0.37
211,11,500,CC,RF,0.14600000000000002,0.78,0.926
212,12,500,CC,RF,0.07200000000000006,0.57,0.642
213,13,500,CC,RF,0.118,0.704,0.822
214,14,500,CC,RF,0.02200000000000002,0.42,0.442
215,15,500,CC,RF,0.025999999999999995,0.252,0.226
216,16,500,CC,RF,0.06600000000000006,0.488,0.554
217,17,500,CC,RF,0.08199999999999999,0.144,0.062
218,18,500,CC,RF,0.1419999999999999,0.684,0.826
219,19,500,CC,RF,0.052000000000000046,0.578,0.63
220,20,500,CC,RF,0.136,0.622,0.758
221,21,500,CC,RF,0.026000000000000023,0.38,0.354
222,22,500,CC,RF,0.18599999999999994,0.784,0.97
223,23,500,CC,RF,0.18000000000000005,0.712,0.892
224,24,500,CC,RF,0.08200000000000007,0.696,0.778
225,25,500,CC,RF,0.08000000000000002,0.274,0.194
226,26,500,CC,RF,0.018000000000000016,0.448,0.466
227,27,500,CC,RF,0.07999999999999999,0.122,0.042
228,28,500,CC,RF,0.08199999999999999,0.236,0.154
229,29,500,CC,RF,0.06800000000000006,0.614,0.682
230,30,500,CC,RF,0.09399999999999997,0.65,0.744
231,31,500,CC,RF,0.20799999999999996,0.758,0.966
232,32,500,CC,RF,0.04999999999999999,0.374,0.324
233,33,500,CC,RF,0.018000000000000016,0.388,0.37
234,34,500,CC,RF,0.030000000000000027,0.438,0.468
235,35,500,CC,RF,0.066,0.254,0.188
236,36,500,CC,RF,0.06,0.188,0.128
237,37,500,CC,RF,0.025999999999999968,0.448,0.474
238,38,500,CC,RF,0.05999999999999997,0.286,0.226
239,39,500,CC,RF,0.050000000000000044,0.618,0.668
240,40,500,CC,RF,0.018000000000000016,0.418,0.436
241,41,500,CC,RF,0.15599999999999992,0.676,0.832
242,42,500,CC,RF,0.10799999999999998,0.592,0.7
243,43,500,CC,RF,0.04199999999999998,0.354,0.312
244,44,500,CC,RF,0.17599999999999993,0.656,0.832
245,45,500,CC,RF,0.1160000000000001,0.688,0.804
246,46,500,CC,RF,0.018000000000000016,0.404,0.386
247,47,500,CC,RF,0.04200000000000004,0.33,0.288
248,48,500,CC,RF,0.08400000000000007,0.598,0.682
249,49,500,CC,RF,0.07599999999999998,0.214,0.138
250,50,500,CC,RF,0.08999999999999997,0.288,0.198
251,51,500,CC,RF,0.154,0.16,0.006
252,52,500,CC,RF,0.15600000000000003,0.63,0.786
253,53,500,CC,RF,0.08800000000000008,0.576,0.664
254,54,500,CC,RF,0.09799999999999998,0.606,0.704
255,55,500,CC,RF,0.10999999999999999,0.67,0.78
256,56,500,CC,RF,0.028000000000000025,0.43,0.458
257,57,500,CC,RF,0.05999999999999994,0.508,0.568
258,58,500,CC,RF,0.05199999999999999,0.19,0.138
259,59,500,CC,RF,0.09799999999999999,0.212,0.114
260,60,500,CC,RF,0.118,0.55,0.668
261,61,500,CC,RF,0.033999999999999975,0.436,0.47
262,62,500,CC,RF,0.04799999999999993,0.516,0.564
263,63,500,CC,RF,0.09799999999999998,0.666,0.764
264,64,500,CC,RF,0.09799999999999998,0.536,0.634
265,65,500,CC,RF,0.07200000000000006,0.48,0.552
266,66,500,CC,RF,0.038000000000000034,0.52,0.558
267,67,500,CC,RF,0.0040000000000000036,0.298,0.302
268,68,500,CC,RF,0.132,0.162,0.03
269,69,500,CC,RF,0.010000000000000009,0.446,0.436
270,70,500,CC,RF,0.05000000000000002,0.264,0.214
271,71,500,CC,RF,0.0020000000000000018,0.41,0.408
272,72,500,CC,RF,0.15000000000000002,0.702,0.852
273,73,500,CC,RF,0.053999999999999965,0.286,0.232
274,74,500,CC,RF,0.11599999999999999,0.174,0.058
275,75,500,CC,RF,0.013999999999999957,0.294,0.28
276,76,500,CC,RF,0.0020000000000000018,0.29,0.292
277,77,500,CC,RF,0.04800000000000004,0.612,0.66
278,78,500,CC,RF,0.05800000000000005,0.498,0.556
279,79,500,CC,RF,0.14400000000000002,0.638,0.782
280,80,500,CC,RF,0.08400000000000007,0.58,0.664
281,81,500,CC,RF,0.03200000000000003,0.374,0.406
282,82,500,CC,RF,0.15799999999999992,0.656,0.814
283,83,500,CC,RF,0.04999999999999999,0.216,0.166
284,84,500,CC,RF,0.124,0.146,0.022
285,85,500,CC,RF,0.094,0.184,0.09
286,86,500,CC,RF,0.09199999999999997,0.63,0.722
287,87,500,CC,RF,0.03200000000000003,0.428,0.46
288,88,500,CC,RF,0.07400000000000001,0.234,0.16
289,89,500,CC,RF,0.03799999999999998,0.462,0.5
290,90,500,CC,RF,0.062,0.214,0.152
291,91,500,CC,RF,0.09999999999999998,0.596,0.696
292,92,500,CC,RF,0.043999999999999984,0.402,0.446
293,93,500,CC,RF,0.010000000000000009,0.39,0.38
294,94,500,CC,RF,0.03400000000000003,0.334,0.3
295,95,500,CC,RF,0.09799999999999998,0.532,0.63
296,96,500,CC,RF,0.0040000000000000036,0.356,0.36
297,97,500,CC,RF,0.08400000000000002,0.17,0.086
298,98,500,CC,RF,0.08400000000000002,0.202,0.118
299,99,500,CC,RF,0.15599999999999992,0.804,0.96
300,0,100,PCC,SVM,0.15829427784581096,0.6117057221541891,0.77
301,1,100,PCC,SVM,0.04856425042154816,0.38143574957845183,0.43
302,2,100,PCC,SVM,0.17127390855590152,0.6787260914440985,0.85
303,3,100,PCC,SVM,0.0866351057119017,0.6033648942880983,0.69
304,4,100,PCC,SVM,0.10657930891775774,0.19657930891775774,0.09
305,5,100,PCC,SVM,0.20288261129010976,0.7671173887098902,0.97
306,6,100,PCC,SVM,0.14727206999549836,0.6127279300045017,0.76
307,7,100,PCC,SVM,0.1722433400068636,0.6077566599931364,0.78
308,8,100,PCC,SVM,0.0990353178429226,0.2190353178429226,0.12
309,9,100,PCC,SVM,0.01937218752860531,0.4306278124713947,0.45
310,10,100,PCC,SVM,0.004732693588075154,0.37473269358807515,0.37
311,11,100,PCC,SVM,0.19624622361040012,0.7237537763895999,0.92
312,12,100,PCC,SVM,0.04674111891585209,0.5932588810841479,0.64
313,13,100,PCC,SVM,0.13599597963418297,0.684004020365817,0.82
314,14,100,PCC,SVM,0.06163737215897902,0.378362627841021,0.44
315,15,100,PCC,SVM,0.018672198713358346,0.23867219871335835,0.22
316,16,100,PCC,SVM,0.04258832816123903,0.507411671838761,0.55
317,17,100,PCC,SVM,0.20031810342659329,0.2603181034265933,0.06
318,18,100,PCC,SVM,0.13983424502477604,0.6801657549752239,0.82
319,19,100,PCC,SVM,0.07739217123967945,0.5526078287603206,0.63
320,20,100,PCC,SVM,0.09426286129861605,0.655737138701384,0.75
321,21,100,PCC,SVM,0.09463574552955589,0.44463574552955587,0.35
322,22,100,PCC,SVM,0.13087549435999957,0.8391245056400004,0.97
323,23,100,PCC,SVM,0.18508962527305794,0.7049103747269421,0.89
324,24,100,PCC,SVM,0.15311216064618804,0.616887839353812,0.77
325,25,100,PCC,SVM,0.0928675677731357,0.2828675677731357,0.19
326,26,100,PCC,SVM,0.06567011518378152,0.3943298848162185,0.46
327,27,100,PCC,SVM,0.14754407407384354,0.18754407407384355,0.04
328,28,100,PCC,SVM,0.13356086001660086,0.28356086001660086,0.15
329,29,100,PCC,SVM,0.08585788963883001,0.59414211036117,0.68
330,30,100,PCC,SVM,0.09942567404239766,0.6405743259576023,0.74
331,31,100,PCC,SVM,0.23486659280906474,0.7251334071909352,0.96
332,32,100,PCC,SVM,0.028543514197136133,0.34854351419713614,0.32
333,33,100,PCC,SVM,0.03448387406098247,0.33551612593901753,0.37
334,34,100,PCC,SVM,0.040742479319122005,0.419257520680878,0.46
335,35,100,PCC,SVM,0.12675511937916356,0.30675511937916355,0.18
336,36,100,PCC,SVM,0.1280327390035083,0.2480327390035083,0.12
337,37,100,PCC,SVM,0.044974541406154755,0.5149745414061547,0.47
338,38,100,PCC,SVM,0.06418003384667229,0.2841800338466723,0.22
339,39,100,PCC,SVM,0.07642147932028132,0.5835785206797187,0.66
340,40,100,PCC,SVM,0.009267520064312917,0.4392675200643129,0.43
341,41,100,PCC,SVM,0.21520743116617325,0.6147925688338267,0.83
342,42,100,PCC,SVM,0.07676350002821442,0.6232364999717855,0.7
343,43,100,PCC,SVM,0.051689394284143764,0.36168939428414376,0.31
344,44,100,PCC,SVM,0.16237105376522032,0.6676289462347796,0.83
345,45,100,PCC,SVM,0.09074690905130178,0.7092530909486983,0.8
346,46,100,PCC,SVM,0.015277720438475473,0.36472227956152453,0.38
347,47,100,PCC,SVM,0.11705538357536371,0.39705538357536374,0.28
348,48,100,PCC,SVM,0.11209312061787324,0.5679068793821268,0.68
349,49,100,PCC,SVM,0.03790894000106809,0.1679089400010681,0.13
350,50,100,PCC,SVM,0.12307065333059847,0.31307065333059847,0.19
351,51,100,PCC,SVM,0.15944539333239313,0.15944539333239313,0.0
352,52,100,PCC,SVM,0.16730609894176007,0.61269390105824,0.78
353,53,100,PCC,SVM,0.0736548736439081,0.5863451263560919,0.66
354,54,100,PCC,SVM,0.07211019086058057,0.6278898091394194,0.7
355,55,100,PCC,SVM,0.07558027352677099,0.704419726473229,0.78
356,56,100,PCC,SVM,0.04465607378909192,0.49465607378909193,0.45
357,57,100,PCC,SVM,0.0393702777681183,0.5206297222318818,0.56
358,58,100,PCC,SVM,0.12973769666837132,0.2597376966683713,0.13
359,59,100,PCC,SVM,0.08629042973105581,0.19629042973105582,0.11
360,60,100,PCC,SVM,0.06721432289302542,0.5927856771069746,0.66
361,61,100,PCC,SVM,0.008936808439004684,0.4610631915609953,0.47
362,62,100,PCC,SVM,0.016707212708237273,0.5432927872917628,0.56
363,63,100,PCC,SVM,0.10175575898915568,0.6582442410108443,0.76
364,64,100,PCC,SVM,0.028719299850449187,0.6012807001495508,0.63
365,65,100,PCC,SVM,0.01243434102802965,0.5375656589719704,0.55
366,66,100,PCC,SVM,0.01923891782479037,0.5692389178247904,0.55
367,67,100,PCC,SVM,0.06472150075346245,0.36472150075346244,0.3
368,68,100,PCC,SVM,0.17339096653828498,0.20339096653828498,0.03
369,69,100,PCC,SVM,0.04334728171013813,0.38665271828986186,0.43
370,70,100,PCC,SVM,0.08712936157802101,0.297129361578021,0.21
371,71,100,PCC,SVM,0.01030660261329186,0.4103066026132919,0.4
372,72,100,PCC,SVM,0.17462350832988505,0.6753764916701149,0.85
373,73,100,PCC,SVM,0.08043904149599404,0.31043904149599405,0.23
374,74,100,PCC,SVM,0.12854553886940245,0.17854553886940244,0.05
375,75,100,PCC,SVM,0.049925465683938075,0.3299254656839381,0.28
376,76,100,PCC,SVM,0.03517346768176083,0.3251734676817608,0.29
377,77,100,PCC,SVM,0.0739653527917199,0.5860346472082801,0.66
378,78,100,PCC,SVM,0.10721553037363601,0.44278446962636403,0.55
379,79,100,PCC,SVM,0.13098535158968472,0.6490146484103153,0.78
380,80,100,PCC,SVM,0.09973412009259341,0.5602658799074066,0.66
381,81,100,PCC,SVM,0.00015541482793712813,0.40015541482793715,0.4
382,82,100,PCC,SVM,0.1247709845368018,0.6852290154631983,0.81
383,83,100,PCC,SVM,0.09224507555110997,0.25224507555111,0.16
384,84,100,PCC,SVM,0.1498971026916886,0.1698971026916886,0.02
385,85,100,PCC,SVM,0.1705953909972258,0.2605953909972258,0.09
386,86,100,PCC,SVM,0.0645099546927782,0.6554900453072218,0.72
387,87,100,PCC,SVM,0.005537235531905105,0.4544627644680949,0.46
388,88,100,PCC,SVM,0.0714268976321015,0.2314268976321015,0.16
389,89,100,PCC,SVM,0.03491768480053509,0.4650823151994649,0.5
390,90,100,PCC,SVM,0.0946510363411043,0.2446510363411043,0.15
391,91,100,PCC,SVM,0.06456680441093898,0.625433195589061,0.69
392,92,100,PCC,SVM,0.007935678685912106,0.4320643213140879,0.44
393,93,100,PCC,SVM,0.015624713040393257,0.39562471304039326,0.38
394,94,100,PCC,SVM,0.04253918984279448,0.34253918984279447,0.3
395,95,100,PCC,SVM,0.02767082067764437,0.6023291793223556,0.63
396,96,100,PCC,SVM,0.016234258156573145,0.34376574184342684,0.36
397,97,100,PCC,SVM,0.2038023131273144,0.2838023131273144,0.08
398,98,100,PCC,SVM,0.08295144158623154,0.19295144158623154,0.11
399,99,100,PCC,SVM,0.1388559872702353,0.8211440127297647,0.96
400,0,200,PCC,SVM,0.1403958033699817,0.6296041966300183,0.77
401,1,200,PCC,SVM,0.009683961911067351,0.42531603808893265,0.435
402,2,200,PCC,SVM,0.12084338094853908,0.7341566190514609,0.855
403,3,200,PCC,SVM,0.11603198613019505,0.5789680138698049,0.695
404,4,200,PCC,SVM,0.13655747199700738,0.22655747199700738,0.09
405,5,200,PCC,SVM,0.1805359208069518,0.7944640791930482,0.975
406,6,200,PCC,SVM,0.14786279127825774,0.6121372087217423,0.76
407,7,200,PCC,SVM,0.13735491174309034,0.6476450882569097,0.785
408,8,200,PCC,SVM,0.11172447681230468,0.23672447681230468,0.125
409,9,200,PCC,SVM,0.011665591790804786,0.4616655917908048,0.45
410,10,200,PCC,SVM,0.03217051004831084,0.40217051004831084,0.37
411,11,200,PCC,SVM,0.10169666906252961,0.8233033309374704,0.925
412,12,200,PCC,SVM,0.07389884429678073,0.5661011557032193,0.64
413,13,200,PCC,SVM,0.12490820305999373,0.6950917969400062,0.82
414,14,200,PCC,SVM,0.02685626990565043,0.46685626990565043,0.44
415,15,200,PCC,SVM,0.09991019440915203,0.32491019440915203,0.225
416,16,200,PCC,SVM,0.04460267718329369,0.5053973228167064,0.55
417,17,200,PCC,SVM,0.1466930432003305,0.2066930432003305,0.06
418,18,200,PCC,SVM,0.11832027088041908,0.7066797291195809,0.825
419,19,200,PCC,SVM,0.10192527228480397,0.528074727715196,0.63
420,20,200,PCC,SVM,0.09874296748257128,0.6562570325174287,0.755
421,21,200,PCC,SVM,0.020410382464409016,0.370410382464409,0.35
422,22,200,PCC,SVM,0.20442683395993833,0.7655731660400616,0.97
423,23,200,PCC,SVM,0.1707173258558179,0.7192826741441821,0.89
424,24,200,PCC,SVM,0.11899632595599163,0.6560036740440084,0.775
425,25,200,PCC,SVM,0.08397844645349778,0.2739784464534978,0.19
426,26,200,PCC,SVM,0.002436962052364988,0.46256303794763504,0.465
427,27,200,PCC,SVM,0.13857885831600225,0.17857885831600226,0.04
428,28,200,PCC,SVM,0.11633534574439033,0.26633534574439033,0.15
429,29,200,PCC,SVM,0.11104082372165269,0.5689591762783474,0.68
430,30,200,PCC,SVM,0.1281766457453528,0.6118233542546472,0.74
431,31,200,PCC,SVM,0.19074379557546328,0.7742562044245367,0.965
432,32,200,PCC,SVM,0.03941193599694576,0.36441193599694577,0.325
433,33,200,PCC,SVM,0.045268189319976115,0.4152681893199761,0.37
434,34,200,PCC,SVM,0.012670203122647161,0.45232979687735286,0.465
435,35,200,PCC,SVM,0.09137402862230665,0.27637402862230664,0.185
436,36,200,PCC,SVM,0.09122011460906226,0.21622011460906226,0.125
437,37,200,PCC,SVM,0.002513883873132561,0.47751388387313254,0.475
438,38,200,PCC,SVM,0.0949402151641183,0.3199402151641183,0.225
439,39,200,PCC,SVM,0.12365316956705497,0.5413468304329451,0.665
440,40,200,PCC,SVM,0.007498907619334583,0.4275010923806654,0.435
441,41,200,PCC,SVM,0.15399751482133994,0.67600248517866,0.83
442,42,200,PCC,SVM,0.06200046733426168,0.6379995326657383,0.7
443,43,200,PCC,SVM,0.06700478821891537,0.37700478821891537,0.31
444,44,200,PCC,SVM,0.11134910897324568,0.7186508910267543,0.83
445,45,200,PCC,SVM,0.14548291166529936,0.6545170883347007,0.8
446,46,200,PCC,SVM,0.020583371474385215,0.4055833714743852,0.385
447,47,200,PCC,SVM,0.05580775694640355,0.34080775694640353,0.285
448,48,200,PCC,SVM,0.07701369582209594,0.6029863041779041,0.68
449,49,200,PCC,SVM,0.10428446283867887,0.23928446283867888,0.135
450,50,200,PCC,SVM,0.06592075690054844,0.26092075690054845,0.195
451,51,200,PCC,SVM,0.15304958810332375,0.15804958810332376,0.005
452,52,200,PCC,SVM,0.13026405712924605,0.654735942870754,0.785
453,53,200,PCC,SVM,0.0643678794496575,0.5956321205503425,0.66
454,54,200,PCC,SVM,0.0896221176798182,0.6153778823201818,0.705
455,55,200,PCC,SVM,0.09275279451278995,0.6872472054872101,0.78
456,56,200,PCC,SVM,0.00857013624615538,0.4635701362461554,0.455
457,57,200,PCC,SVM,0.04293924789303882,0.5220607521069611,0.565
458,58,200,PCC,SVM,0.10715678543342799,0.242156785433428,0.135
459,59,200,PCC,SVM,0.13051844412365626,0.24051844412365625,0.11
460,60,200,PCC,SVM,0.10780166910386357,0.5571983308961365,0.665
461,61,200,PCC,SVM,0.04502358351142338,0.4249764164885766,0.47
462,62,200,PCC,SVM,0.055114369034557464,0.5098856309654425,0.565
463,63,200,PCC,SVM,0.1121674610891219,0.6478325389108781,0.76
464,64,200,PCC,SVM,0.10281617039113,0.52718382960887,0.63
465,65,200,PCC,SVM,0.009071113304583878,0.5590711133045839,0.55
466,66,200,PCC,SVM,0.05362498192949494,0.5013750180705051,0.555
467,67,200,PCC,SVM,0.021838794306621945,0.32183879430662193,0.3
468,68,200,PCC,SVM,0.14486807879704305,0.17486807879704305,0.03
469,69,200,PCC,SVM,0.006721708371704549,0.42827829162829545,0.435
470,70,200,PCC,SVM,0.10919941625512944,0.31919941625512943,0.21
471,71,200,PCC,SVM,0.04593412493303406,0.4509341249330341,0.405
472,72,200,PCC,SVM,0.1854985778776539,0.6645014221223461,0.85
473,73,200,PCC,SVM,0.08199741481824799,0.311997414818248,0.23
474,74,200,PCC,SVM,0.14192642089296376,0.19692642089296375,0.055
475,75,200,PCC,SVM,0.10108452545469743,0.38108452545469745,0.28
476,76,200,PCC,SVM,0.03659227020798006,0.32659227020798004,0.29
477,77,200,PCC,SVM,0.10084189524292675,0.5591581047570733,0.66
478,78,200,PCC,SVM,0.04100809589286336,0.5139919041071367,0.555
479,79,200,PCC,SVM,0.08073319836383341,0.6992668016361666,0.78
480,80,200,PCC,SVM,0.11123656339295707,0.548763436607043,0.66
481,81,200,PCC,SVM,0.04714281807708687,0.4521428180770869,0.405
482,82,200,PCC,SVM,0.10793997781964315,0.7020600221803569,0.81
483,83,200,PCC,SVM,0.0871065268702381,0.2521065268702381,0.165
484,84,200,PCC,SVM,0.15276233611704176,0.17276233611704175,0.02
485,85,200,PCC,SVM,0.11042812848609612,0.20042812848609612,0.09
486,86,200,PCC,SVM,0.11563231666177232,0.6043676833382277,0.72
487,87,200,PCC,SVM,0.05252646059372246,0.40747353940627756,0.46
488,88,200,PCC,SVM,0.05550940839857915,0.21550940839857916,0.16
489,89,200,PCC,SVM,0.009921376130442139,0.49007862386955786,0.5
490,90,200,PCC,SVM,0.12658833428122243,0.2765883342812224,0.15
491,91,200,PCC,SVM,0.083766007669416,0.611233992330584,0.695
492,92,200,PCC,SVM,0.0036042057341349465,0.44139579426586506,0.445
493,93,200,PCC,SVM,0.027663797783186284,0.4076637977831863,0.38
494,94,200,PCC,SVM,0.06954548444185987,0.36954548444185986,0.3
495,95,200,PCC,SVM,0.07887586689270465,0.5511241331072954,0.63
496,96,200,PCC,SVM,0.0627699941139086,0.4227699941139086,0.36
497,97,200,PCC,SVM,0.07973339554670393,0.16473339554670394,0.085
498,98,200,PCC,SVM,0.0958815800845239,0.2108815800845239,0.115
499,99,200,PCC,SVM,0.21324490826731823,0.7467550917326817,0.96
500,0,500,PCC,SVM,0.13810524131565738,0.6338947586843426,0.772
501,1,500,PCC,SVM,0.012649423177472752,0.42535057682252725,0.438
502,2,500,PCC,SVM,0.12655469346972859,0.7314453065302714,0.858
503,3,500,PCC,SVM,0.10988010840718787,0.5861198915928121,0.696
504,4,500,PCC,SVM,0.14810472465079302,0.24210472465079302,0.094
505,5,500,PCC,SVM,0.19929330473727247,0.7747066952627275,0.974
506,6,500,PCC,SVM,0.10545770114392028,0.6545422988560797,0.76
507,7,500,PCC,SVM,0.1290252545575854,0.6569747454424146,0.786
508,8,500,PCC,SVM,0.09623909052280358,0.22423909052280358,0.128
509,9,500,PCC,SVM,0.027798916001211982,0.42220108399878803,0.45
510,10,500,PCC,SVM,0.010277716892855226,0.3802777168928552,0.37
511,11,500,PCC,SVM,0.15937075264671352,0.7666292473532865,0.926
512,12,500,PCC,SVM,0.07008477388891665,0.5719152261110834,0.642
513,13,500,PCC,SVM,0.12714518955501486,0.6948548104449851,0.822
514,14,500,PCC,SVM,0.0007043943984178513,0.44129560560158215,0.442
515,15,500,PCC,SVM,0.07190766073299606,0.29790766073299607,0.226
516,16,500,PCC,SVM,0.04412182879737636,0.5098781712026237,0.554
517,17,500,PCC,SVM,0.1312217256297945,0.1932217256297945,0.062
518,18,500,PCC,SVM,0.1279141044144978,0.6980858955855022,0.826
519,19,500,PCC,SVM,0.043570746024678475,0.5864292539753215,0.63
520,20,500,PCC,SVM,0.12891511461243577,0.6290848853875642,0.758
521,21,500,PCC,SVM,0.03586829284509363,0.3898682928450936,0.354
522,22,500,PCC,SVM,0.1964454599288683,0.7735545400711317,0.97
523,23,500,PCC,SVM,0.17278625691548877,0.7192137430845112,0.892
524,24,500,PCC,SVM,0.10054523959971096,0.6774547604002891,0.778
525,25,500,PCC,SVM,0.09502272582553883,0.28902272582553884,0.194
526,26,500,PCC,SVM,0.012551512895701111,0.4534484871042989,0.466
527,27,500,PCC,SVM,0.12917836725660262,0.17117836725660263,0.042
528,28,500,PCC,SVM,0.10260786060116603,0.256607860601166,0.154
529,29,500,PCC,SVM,0.05785833835032261,0.6241416616496774,0.682
530,30,500,PCC,SVM,0.08450218805886067,0.6594978119411393,0.744
531,31,500,PCC,SVM,0.21410440912441508,0.7518955908755849,0.966
532,32,500,PCC,SVM,0.05811807107112216,0.38211807107112217,0.324
533,33,500,PCC,SVM,0.03261598449610448,0.4026159844961045,0.37
534,34,500,PCC,SVM,0.003923313769081005,0.47192331376908103,0.468
535,35,500,PCC,SVM,0.10117356415684292,0.2891735641568429,0.188
536,36,500,PCC,SVM,0.08758580304767741,0.2155858030476774,0.128
537,37,500,PCC,SVM,0.010729171055012643,0.46327082894498733,0.474
538,38,500,PCC,SVM,0.07112046592530072,0.2971204659253007,0.226
539,39,500,PCC,SVM,0.046765117375098364,0.6212348826249017,0.668
540,40,500,PCC,SVM,0.014994242617576148,0.42100575738242385,0.436
541,41,500,PCC,SVM,0.15237856304162456,0.6796214369583754,0.832
542,42,500,PCC,SVM,0.09109239556574777,0.6089076044342522,0.7
543,43,500,PCC,SVM,0.05516150644593509,0.3671615064459351,0.312
544,44,500,PCC,SVM,0.15618739160984396,0.675812608390156,0.832
545,45,500,PCC,SVM,0.11859091957108348,0.6854090804289166,0.804
546,46,500,PCC,SVM,0.04719269019216604,0.43319269019216605,0.386
547,47,500,PCC,SVM,0.0479636297984099,0.3359636297984099,0.288
548,48,500,PCC,SVM,0.07972556575967671,0.6022744342403233,0.682
549,49,500,PCC,SVM,0.0969521026818232,0.2349521026818232,0.138
550,50,500,PCC,SVM,0.10373969304068159,0.3017396930406816,0.198
551,51,500,PCC,SVM,0.16826664291519555,0.17426664291519556,0.006
552,52,500,PCC,SVM,0.12708047390258137,0.6589195260974187,0.786
553,53,500,PCC,SVM,0.08944662925961966,0.5745533707403804,0.664
554,54,500,PCC,SVM,0.10213057880153364,0.6018694211984663,0.704
555,55,500,PCC,SVM,0.13760584392815323,0.6423941560718468,0.78
556,56,500,PCC,SVM,0.009772187328769777,0.44822781267123024,0.458
557,57,500,PCC,SVM,0.04985913424904509,0.5181408657509549,0.568
558,58,500,PCC,SVM,0.09561617373582612,0.23361617373582613,0.138
559,59,500,PCC,SVM,0.12221288944059723,0.23621288944059723,0.114
560,60,500,PCC,SVM,0.10559456629575292,0.5624054337042471,0.668
561,61,500,PCC,SVM,0.028280294306656684,0.4417197056933433,0.47
562,62,500,PCC,SVM,0.03426178276752845,0.5297382172324715,0.564
563,63,500,PCC,SVM,0.09739108255687512,0.6666089174431249,0.764
564,64,500,PCC,SVM,0.07690977468495874,0.5570902253150413,0.634
565,65,500,PCC,SVM,0.05066728141274879,0.5013327185872513,0.552
566,66,500,PCC,SVM,0.046165880157913675,0.5118341198420864,0.558
567,67,500,PCC,SVM,0.033748999091681775,0.33574899909168177,0.302
568,68,500,PCC,SVM,0.1688903647908434,0.1988903647908434,0.03
569,69,500,PCC,SVM,0.015119136979467818,0.4511191369794678,0.436
570,70,500,PCC,SVM,0.08445138708204228,0.2984513870820423,0.214
571,71,500,PCC,SVM,0.01199670722649715,0.4199967072264971,0.408
572,72,500,PCC,SVM,0.14331458956055687,0.7086854104394431,0.852
573,73,500,PCC,SVM,0.07083266093769866,0.30283266093769867,0.232
574,74,500,PCC,SVM,0.13829732517484422,0.19629732517484422,0.058
575,75,500,PCC,SVM,0.048793145360699175,0.3287931453606992,0.28
576,76,500,PCC,SVM,0.03464038578184081,0.3266403857818408,0.292
577,77,500,PCC,SVM,0.06752057038685022,0.5924794296131498,0.66
578,78,500,PCC,SVM,0.052682650900968686,0.5033173490990314,0.556
579,79,500,PCC,SVM,0.11444306663397308,0.667556933366027,0.782
580,80,500,PCC,SVM,0.05535082622488374,0.6086491737751163,0.664
581,81,500,PCC,SVM,0.012050589847360849,0.3939494101526392,0.406
582,82,500,PCC,SVM,0.1391864989874838,0.6748135010125161,0.814
583,83,500,PCC,SVM,0.08798746992874792,0.25398746992874793,0.166
584,84,500,PCC,SVM,0.16328567094047278,0.18528567094047277,0.022
585,85,500,PCC,SVM,0.1202830138479751,0.2102830138479751,0.09
586,86,500,PCC,SVM,0.09875266080691136,0.6232473391930886,0.722
587,87,500,PCC,SVM,0.006212048874326637,0.46621204887432666,0.46
588,88,500,PCC,SVM,0.12109256013549433,0.28109256013549433,0.16
589,89,500,PCC,SVM,0.01879677448158179,0.4812032255184182,0.5
590,90,500,PCC,SVM,0.09584037493789488,0.24784037493789488,0.152
591,91,500,PCC,SVM,0.10639970566618373,0.5896002943338162,0.696
592,92,500,PCC,SVM,0.021632060525149877,0.42436793947485013,0.446
593,93,500,PCC,SVM,0.02363737108993763,0.40363737108993764,0.38
594,94,500,PCC,SVM,0.06354985026076732,0.3635498502607673,0.3
595,95,500,PCC,SVM,0.08196992818273485,0.5480300718172652,0.63
596,96,500,PCC,SVM,0.02042262492128233,0.3804226249212823,0.36
597,97,500,PCC,SVM,0.10717589533942598,0.19317589533942597,0.086
598,98,500,PCC,SVM,0.1208985835594874,0.2388985835594874,0.118
599,99,500,PCC,SVM,0.17321151470602425,0.7867884852939757,0.96
600,0,100,PACC,SVM,0.15907736060899968,0.6109226393910003,0.77
601,1,100,PACC,SVM,0.05474514683427972,0.37525485316572027,0.43
602,2,100,PACC,SVM,0.17058009738906532,0.6794199026109347,0.85
603,3,100,PACC,SVM,0.08764411551118656,0.6023558844888134,0.69
604,4,100,PACC,SVM,0.09602522273711397,0.18602522273711397,0.09
605,5,100,PACC,SVM,0.20008340542872471,0.7699165945712753,0.97
606,6,100,PACC,SVM,0.14805655709124987,0.6119434429087501,0.76
607,7,100,PACC,SVM,0.17303487098798587,0.6069651290120142,0.78
608,8,100,PACC,SVM,0.08909607669563463,0.20909607669563463,0.12
609,9,100,PACC,SVM,0.024478387674092383,0.4255216123259076,0.45
610,10,100,PACC,SVM,0.0015257494362304058,0.3684742505637696,0.37
611,11,100,PACC,SVM,0.19450459095289507,0.725495409047105,0.92
612,12,100,PACC,SVM,0.04797035694355678,0.5920296430564432,0.64
613,13,100,PACC,SVM,0.1351632187849976,0.6848367812150024,0.82
614,14,100,PACC,SVM,0.06780489392814804,0.37219510607185197,0.44
615,15,100,PACC,SVM,0.009188455380734317,0.22918845538073432,0.22
616,16,100,PACC,SVM,0.0458545749729834,0.5041454250270166,0.55
617,17,100,PACC,SVM,0.1910863563371446,0.2510863563371446,0.06
618,18,100,PACC,SVM,0.13895044027601988,0.6810495597239801,0.82
619,19,100,PACC,SVM,0.07955122900385747,0.5504487709961425,0.63
620,20,100,PACC,SVM,0.0941431095356089,0.6558568904643911,0.75
621,21,100,PACC,SVM,0.08976178691307923,0.4397617869130792,0.35
622,22,100,PACC,SVM,0.1263109743791081,0.8436890256208919,0.97
623,23,100,PACC,SVM,0.1838245812960042,0.7061754187039958,0.89
624,24,100,PACC,SVM,0.15381392171969688,0.6161860782803031,0.77
625,25,100,PACC,SVM,0.08440189854717206,0.27440189854717206,0.19
626,26,100,PACC,SVM,0.07156248056831899,0.38843751943168103,0.46
627,27,100,PACC,SVM,0.1369453304348407,0.1769453304348407,0.04
628,28,100,PACC,SVM,0.1251547353955841,0.2751547353955841,0.15
629,29,100,PACC,SVM,0.08720481096480825,0.5927951890351918,0.68
630,30,100,PACC,SVM,0.09963987989966894,0.640360120100331,0.74
631,31,100,PACC,SVM,0.2329266158760689,0.7270733841239311,0.96
632,32,100,PACC,SVM,0.021612253679399618,0.3416122536793996,0.32
633,33,100,PACC,SVM,0.04175846926739796,0.32824153073260204,0.37
634,34,100,PACC,SVM,0.04615437650810694,0.4138456234918931,0.46
635,35,100,PACC,SVM,0.11898651548671874,0.29898651548671873,0.18
636,36,100,PACC,SVM,0.11867595957105259,0.2386759595710526,0.12
637,37,100,PACC,SVM,0.041913824809725164,0.5119138248097251,0.47
638,38,100,PACC,SVM,0.05566282176122364,0.27566282176122364,0.22
639,39,100,PACC,SVM,0.07787147447866405,0.582128525521336,0.66
640,40,100,PACC,SVM,0.004406627529168261,0.43440662752916825,0.43
641,41,100,PACC,SVM,0.21583408522156167,0.6141659147784383,0.83
642,42,100,PACC,SVM,0.07731784947117326,0.6226821505288267,0.7
643,43,100,PACC,SVM,0.04512015629879906,0.35512015629879906,0.31
644,44,100,PACC,SVM,0.16173987329739115,0.6682601267026088,0.83
645,45,100,PACC,SVM,0.08918640865378114,0.7108135913462189,0.8
646,46,100,PACC,SVM,0.021634385549519852,0.35836561445048015,0.38
647,47,100,PACC,SVM,0.11131627386567333,0.39131627386567336,0.28
648,48,100,PACC,SVM,0.11374425160390411,0.5662557483960959,0.68
649,49,100,PACC,SVM,0.026893603591219534,0.15689360359121954,0.13
650,50,100,PACC,SVM,0.11525457751965146,0.30525457751965146,0.19
651,51,100,PACC,SVM,0.14809153062104702,0.14809153062104702,0.0
652,52,100,PACC,SVM,0.1681067888811515,0.6118932111188485,0.78
653,53,100,PACC,SVM,0.07512554981125763,0.5848744501887424,0.66
654,54,100,PACC,SVM,0.07250210189728801,0.627497898102712,0.7
655,55,100,PACC,SVM,0.07417953682795042,0.7058204631720496,0.78
656,56,100,PACC,SVM,0.04113992678820649,0.4911399267882065,0.45
657,57,100,PACC,SVM,0.04214451625354532,0.5178554837464547,0.56
658,58,100,PACC,SVM,0.12068338698052367,0.25068338698052367,0.13
659,59,100,PACC,SVM,0.07588537294143548,0.18588537294143548,0.11
660,60,100,PACC,SVM,0.06859676768881151,0.5914032323111885,0.66
661,61,100,PACC,SVM,0.013299899860426623,0.45670010013957335,0.47
662,62,100,PACC,SVM,0.019142132867163486,0.5408578671328366,0.56
663,63,100,PACC,SVM,0.10143951798141593,0.6585604820185841,0.76
664,64,100,PACC,SVM,0.029896404818774425,0.6001035951812256,0.63
665,65,100,PACC,SVM,0.014911805373720388,0.5350881946262797,0.55
666,66,100,PACC,SVM,0.01749404240772756,0.5674940424077276,0.55
667,67,100,PACC,SVM,0.05805153547019637,0.35805153547019636,0.3
668,68,100,PACC,SVM,0.16324367329327286,0.19324367329327286,0.03
669,69,100,PACC,SVM,0.04936674639948252,0.3806332536005175,0.43
670,70,100,PACC,SVM,0.07895148161334328,0.2889514816133433,0.21
671,71,100,PACC,SVM,0.004720494990517354,0.4047204949905174,0.4
672,72,100,PACC,SVM,0.17405964934272633,0.6759403506572736,0.85
673,73,100,PACC,SVM,0.07270287444194365,0.30270287444194366,0.23
674,74,100,PACC,SVM,0.11763256035436974,0.16763256035436974,0.05
675,75,100,PACC,SVM,0.04242729165260695,0.322427291652607,0.28
676,76,100,PACC,SVM,0.02762058710426457,0.31762058710426455,0.29
677,77,100,PACC,SVM,0.07539607467013942,0.5846039253298606,0.66
678,78,100,PACC,SVM,0.11199922487243685,0.4380007751275632,0.55
679,79,100,PACC,SVM,0.13095066553475998,0.64904933446524,0.78
680,80,100,PACC,SVM,0.1017111862426765,0.5582888137573235,0.66
681,81,100,PACC,SVM,0.005571387563691521,0.3944286124363085,0.4
682,82,100,PACC,SVM,0.12387279054203149,0.6861272094579686,0.81
683,83,100,PACC,SVM,0.08295714584298067,0.24295714584298067,0.16
684,84,100,PACC,SVM,0.13878071680080262,0.1587807168008026,0.02
685,85,100,PACC,SVM,0.1615500323320526,0.2515500323320526,0.09
686,86,100,PACC,SVM,0.06428705243823996,0.65571294756176,0.72
687,87,100,PACC,SVM,0.010028885339631699,0.4499711146603683,0.46
688,88,100,PACC,SVM,0.06178856635283475,0.22178856635283475,0.16
689,89,100,PACC,SVM,0.03911529587051443,0.46088470412948557,0.5
690,90,100,PACC,SVM,0.0852698766992113,0.2352698766992113,0.15
691,91,100,PACC,SVM,0.06493412089280892,0.625065879107191,0.69
692,92,100,PACC,SVM,0.012986382570875088,0.4270136174291249,0.44
693,93,100,PACC,SVM,0.009803614699561813,0.3898036146995618,0.38
694,94,100,PACC,SVM,0.035422091219498464,0.33542209121949845,0.3
695,95,100,PACC,SVM,0.028564681343504206,0.6014353186564958,0.63
696,96,100,PACC,SVM,0.02337635182160691,0.3366236481783931,0.36
697,97,100,PACC,SVM,0.19530562892238074,0.27530562892238075,0.08
698,98,100,PACC,SVM,0.07235225704565758,0.18235225704565758,0.11
699,99,100,PACC,SVM,0.13470357516132758,0.8252964248386724,0.96
700,0,200,PACC,SVM,0.1409144716307803,0.6290855283692197,0.77
701,1,200,PACC,SVM,0.014877198544228754,0.42012280145577124,0.435
702,2,200,PACC,SVM,0.11886817830209151,0.7361318216979085,0.855
703,3,200,PACC,SVM,0.11763321036581043,0.5773667896341895,0.695
704,4,200,PACC,SVM,0.12672687676716318,0.21672687676716318,0.09
705,5,200,PACC,SVM,0.17703381068290525,0.7979661893170947,0.975
706,6,200,PACC,SVM,0.1486920874749934,0.6113079125250066,0.76
707,7,200,PACC,SVM,0.13727074700107322,0.6477292529989268,0.785
708,8,200,PACC,SVM,0.1020483917972099,0.2270483917972099,0.125
709,9,200,PACC,SVM,0.007424272665292497,0.4574242726652925,0.45
710,10,200,PACC,SVM,0.026476137309690173,0.39647613730969017,0.37
711,11,200,PACC,SVM,0.09748760133697176,0.8275123986630283,0.925
712,12,200,PACC,SVM,0.0758523218613728,0.5641476781386272,0.64
713,13,200,PACC,SVM,0.12370781072536419,0.6962921892746358,0.82
714,14,200,PACC,SVM,0.02262540601506552,0.4626254060150655,0.44
715,15,200,PACC,SVM,0.09239111179929335,0.31739111179929336,0.225
716,16,200,PACC,SVM,0.04780204893446227,0.5021979510655378,0.55
717,17,200,PACC,SVM,0.13650094915815134,0.19650094915815133,0.06
718,18,200,PACC,SVM,0.11683230295070124,0.7081676970492987,0.825
719,19,200,PACC,SVM,0.10467464797375758,0.5253253520262424,0.63
720,20,200,PACC,SVM,0.09849005741004269,0.6565099425899573,0.755
721,21,200,PACC,SVM,0.014041444030089167,0.36404144403008915,0.35
722,22,200,PACC,SVM,0.20159104410254214,0.7684089558974578,0.97
723,23,200,PACC,SVM,0.16898121700516366,0.7210187829948363,0.89
724,24,200,PACC,SVM,0.11868434198652256,0.6563156580134775,0.775
725,25,200,PACC,SVM,0.07537082359895286,0.26537082359895287,0.19
726,26,200,PACC,SVM,0.006586029357802614,0.4584139706421974,0.465
727,27,200,PACC,SVM,0.1276192676460926,0.1676192676460926,0.04
728,28,200,PACC,SVM,0.10756256585171606,0.25756256585171605,0.15
729,29,200,PACC,SVM,0.11280672899869582,0.5671932710013042,0.68
730,30,200,PACC,SVM,0.12897794165326204,0.611022058346738,0.74
731,31,200,PACC,SVM,0.18781621047601837,0.7771837895239816,0.965
732,32,200,PACC,SVM,0.03278308636038757,0.3577830863603876,0.325
733,33,200,PACC,SVM,0.039927829377877866,0.40992782937787786,0.37
734,34,200,PACC,SVM,0.017155056189114726,0.4478449438108853,0.465
735,35,200,PACC,SVM,0.08261970161251958,0.2676197016125196,0.185
736,36,200,PACC,SVM,0.08124949598625364,0.20624949598625364,0.125
737,37,200,PACC,SVM,0.0014220148521008613,0.4735779851478991,0.475
738,38,200,PACC,SVM,0.08730851305278006,0.31230851305278007,0.225
739,39,200,PACC,SVM,0.12604732095680682,0.5389526790431932,0.665
740,40,200,PACC,SVM,0.012585979671053682,0.4224140203289463,0.435
741,41,200,PACC,SVM,0.15329963258900492,0.676700367410995,0.83
742,42,200,PACC,SVM,0.062203488512742044,0.6377965114872579,0.7
743,43,200,PACC,SVM,0.06082990309232861,0.3708299030923286,0.31
744,44,200,PACC,SVM,0.1096611456610469,0.7203388543389531,0.83
745,45,200,PACC,SVM,0.14535784717466405,0.654642152825336,0.8
746,46,200,PACC,SVM,0.014993234525228216,0.3999932345252282,0.385
747,47,200,PACC,SVM,0.048698066028545595,0.33369806602854557,0.285
748,48,200,PACC,SVM,0.0780552351723266,0.6019447648276735,0.68
749,49,200,PACC,SVM,0.09483456078678584,0.22983456078678585,0.135
750,50,200,PACC,SVM,0.05684236728102088,0.2518423672810209,0.195
751,51,200,PACC,SVM,0.14163885824742942,0.14663885824742942,0.005
752,52,200,PACC,SVM,0.13009448941507162,0.6549055105849284,0.785
753,53,200,PACC,SVM,0.06544294545138551,0.5945570545486145,0.66
754,54,200,PACC,SVM,0.09046132558422881,0.6145386744157711,0.705
755,55,200,PACC,SVM,0.09186323067266766,0.6881367693273324,0.78
756,56,200,PACC,SVM,0.004386954809114663,0.4593869548091147,0.455
757,57,200,PACC,SVM,0.045855650807175685,0.5191443491928243,0.565
758,58,200,PACC,SVM,0.09772220530477224,0.23272220530477225,0.135
759,59,200,PACC,SVM,0.12096351080762845,0.23096351080762845,0.11
760,60,200,PACC,SVM,0.10989545093505149,0.5551045490649485,0.665
761,61,200,PACC,SVM,0.05003486103898641,0.41996513896101356,0.47
762,62,200,PACC,SVM,0.058312498237862,0.506687501762138,0.565
763,63,200,PACC,SVM,0.11199777228945473,0.6480022277105453,0.76
764,64,200,PACC,SVM,0.10563390632148639,0.5243660936785136,0.63
765,65,200,PACC,SVM,0.007117213464040706,0.5571172134640408,0.55
766,66,200,PACC,SVM,0.05694559582809733,0.4980544041719027,0.555
767,67,200,PACC,SVM,0.014309954300166405,0.3143099543001664,0.3
768,68,200,PACC,SVM,0.1339033499152741,0.1639033499152741,0.03
769,69,200,PACC,SVM,0.011784356250682804,0.4232156437493172,0.435
770,70,200,PACC,SVM,0.10144167481736657,0.31144167481736656,0.21
771,71,200,PACC,SVM,0.041385991509865494,0.4463859915098655,0.405
772,72,200,PACC,SVM,0.1850241861407046,0.6649758138592954,0.85
773,73,200,PACC,SVM,0.0741763004172423,0.3041763004172423,0.23
774,74,200,PACC,SVM,0.13139839094102576,0.18639839094102575,0.055
775,75,200,PACC,SVM,0.09478586015067669,0.3747858601506767,0.28
776,76,200,PACC,SVM,0.02902325450845461,0.3190232545084546,0.29
777,77,200,PACC,SVM,0.10275455745277129,0.5572454425472287,0.66
778,78,200,PACC,SVM,0.044053005650442345,0.5109469943495577,0.555
779,79,200,PACC,SVM,0.0794272557022282,0.7005727442977718,0.78
780,80,200,PACC,SVM,0.11358121227644247,0.5464187877235576,0.66
781,81,200,PACC,SVM,0.04272722220141689,0.4477272222014169,0.405
782,82,200,PACC,SVM,0.1065058014008956,0.7034941985991044,0.81
783,83,200,PACC,SVM,0.0779893892401573,0.2429893892401573,0.165
784,84,200,PACC,SVM,0.14166371277801432,0.1616637127780143,0.02
785,85,200,PACC,SVM,0.10025571028301042,0.19025571028301042,0.09
786,86,200,PACC,SVM,0.11666073391419263,0.6033392660858073,0.72
787,87,200,PACC,SVM,0.05807078648238145,0.40192921351761857,0.46
788,88,200,PACC,SVM,0.04546982479179176,0.20546982479179177,0.16
789,89,200,PACC,SVM,0.013649432379305548,0.48635056762069445,0.5
790,90,200,PACC,SVM,0.11792635855033609,0.2679263585503361,0.15
791,91,200,PACC,SVM,0.08459647567939854,0.6104035243206014,0.695
792,92,200,PACC,SVM,0.008400537282951925,0.4365994627170481,0.445
793,93,200,PACC,SVM,0.02214712494493032,0.4021471249449303,0.38
794,94,200,PACC,SVM,0.06312840456923668,0.3631284045692367,0.3
795,95,200,PACC,SVM,0.0810603711068284,0.5489396288931716,0.63
796,96,200,PACC,SVM,0.05746575723624875,0.41746575723624874,0.36
797,97,200,PACC,SVM,0.06863113779329118,0.15363113779329118,0.085
798,98,200,PACC,SVM,0.08562814372045356,0.20062814372045357,0.115
799,99,200,PACC,SVM,0.21087646524193626,0.7491235347580637,0.96
800,0,500,PACC,SVM,0.13836717279940303,0.633632827200597,0.772
801,1,500,PACC,SVM,0.017826007052441473,0.42017399294755853,0.438
802,2,500,PACC,SVM,0.12452402740033341,0.7334759725996666,0.858
803,3,500,PACC,SVM,0.11128619025789566,0.5847138097421043,0.696
804,4,500,PACC,SVM,0.13862817134737265,0.23262817134737265,0.094
805,5,500,PACC,SVM,0.1962484448972398,0.7777515551027602,0.974
806,6,500,PACC,SVM,0.10531016824666917,0.6546898317533308,0.76
807,7,500,PACC,SVM,0.12880234918138378,0.6571976508186163,0.786
808,8,500,PACC,SVM,0.08643470702860595,0.21443470702860595,0.128
809,9,500,PACC,SVM,0.0329268894327166,0.4170731105672834,0.45
810,10,500,PACC,SVM,0.004146814271443144,0.37414681427144314,0.37
811,11,500,PACC,SVM,0.15654156425395438,0.7694584357460457,0.926
812,12,500,PACC,SVM,0.07176916614644824,0.5702308338535518,0.642
813,13,500,PACC,SVM,0.12599366857802385,0.6960063314219761,0.822
814,14,500,PACC,SVM,0.00550957467252694,0.43649042532747306,0.442
815,15,500,PACC,SVM,0.06370587286438031,0.2897058728643803,0.226
816,16,500,PACC,SVM,0.04726927869200526,0.5067307213079948,0.554
817,17,500,PACC,SVM,0.12062501385963995,0.18262501385963995,0.062
818,18,500,PACC,SVM,0.1266643249473145,0.6993356750526855,0.826
819,19,500,PACC,SVM,0.0449490640714838,0.5850509359285162,0.63
820,20,500,PACC,SVM,0.12924429307823282,0.6287557069217672,0.758
821,21,500,PACC,SVM,0.029866606056704437,0.3838666060567044,0.354
822,22,500,PACC,SVM,0.19346907209080255,0.7765309279091974,0.97
823,23,500,PACC,SVM,0.171024803442411,0.720975196557589,0.892
824,24,500,PACC,SVM,0.09980184945434678,0.6781981505456532,0.778
825,25,500,PACC,SVM,0.08674477382143236,0.28074477382143237,0.194
826,26,500,PACC,SVM,0.017048485294778704,0.4489515147052213,0.466
827,27,500,PACC,SVM,0.1180909089621239,0.1600909089621239,0.042
828,28,500,PACC,SVM,0.09353035688652508,0.24753035688652508,0.154
829,29,500,PACC,SVM,0.058341628685865676,0.6236583713141344,0.682
830,30,500,PACC,SVM,0.08423817454475613,0.6597618254552439,0.744
831,31,500,PACC,SVM,0.21161284669285652,0.7543871533071435,0.966
832,32,500,PACC,SVM,0.05195308739553561,0.3759530873955356,0.324
833,33,500,PACC,SVM,0.02698697329478328,0.3969869732947833,0.37
834,34,500,PACC,SVM,8.813911196225988e-05,0.46791186088803777,0.468
835,35,500,PACC,SVM,0.09282695046615469,0.2808269504661547,0.188
836,36,500,PACC,SVM,0.0775094460116158,0.2055094460116158,0.128
837,37,500,PACC,SVM,0.01498969394486771,0.45901030605513227,0.474
838,38,500,PACC,SVM,0.0629853536861282,0.2889853536861282,0.226
839,39,500,PACC,SVM,0.04736165648024049,0.6206383435197595,0.668
840,40,500,PACC,SVM,0.020309926945948853,0.41569007305405115,0.436
841,41,500,PACC,SVM,0.15159448592339886,0.6804055140766011,0.832
842,42,500,PACC,SVM,0.09196881479334751,0.6080311852066524,0.7
843,43,500,PACC,SVM,0.048575430367228556,0.36057543036722856,0.312
844,44,500,PACC,SVM,0.15551315818847578,0.6764868418115242,0.832
845,45,500,PACC,SVM,0.11760160587583213,0.6863983941241679,0.804
846,46,500,PACC,SVM,0.04230412819442325,0.42830412819442326,0.386
847,47,500,PACC,SVM,0.040648048978100815,0.3286480489781008,0.288
848,48,500,PACC,SVM,0.08074157630023426,0.6012584236997658,0.682
849,49,500,PACC,SVM,0.08738242164383464,0.22538242164383465,0.138
850,50,500,PACC,SVM,0.09560392786205613,0.29360392786205614,0.198
851,51,500,PACC,SVM,0.1572173991048749,0.1632173991048749,0.006
852,52,500,PACC,SVM,0.12683022819275702,0.659169771807243,0.786
853,53,500,PACC,SVM,0.09113339385198527,0.5728666061480148,0.664
854,54,500,PACC,SVM,0.10306764871096252,0.6009323512890374,0.704
855,55,500,PACC,SVM,0.1376662691836963,0.6423337308163037,0.78
856,56,500,PACC,SVM,0.014356865557244636,0.4436431344427554,0.458
857,57,500,PACC,SVM,0.05277907657455727,0.5152209234254427,0.568
858,58,500,PACC,SVM,0.08603625131099643,0.22403625131099644,0.138
859,59,500,PACC,SVM,0.11257115174471681,0.22657115174471681,0.114
860,60,500,PACC,SVM,0.10762162924831231,0.5603783707516877,0.668
861,61,500,PACC,SVM,0.03305200527949104,0.43694799472050894,0.47
862,62,500,PACC,SVM,0.037033673517518295,0.5269663264824817,0.564
863,63,500,PACC,SVM,0.0969315905139354,0.6670684094860646,0.764
864,64,500,PACC,SVM,0.07897201246811836,0.5550279875318817,0.634
865,65,500,PACC,SVM,0.05399212617936844,0.4980078738206316,0.552
866,66,500,PACC,SVM,0.04924785810600496,0.5087521418939951,0.558
867,67,500,PACC,SVM,0.026554356401728096,0.3285543564017281,0.302
868,68,500,PACC,SVM,0.1584290633541255,0.1884290633541255,0.03
869,69,500,PACC,SVM,0.010537667244813531,0.44653766724481353,0.436
870,70,500,PACC,SVM,0.07639379802782373,0.2903937980278237,0.214
871,71,500,PACC,SVM,0.006699558796518124,0.4146995587965181,0.408
872,72,500,PACC,SVM,0.14183736602353858,0.7101626339764614,0.852
873,73,500,PACC,SVM,0.06283761084839298,0.294837610848393,0.232
874,74,500,PACC,SVM,0.12782008000220835,0.18582008000220834,0.058
875,75,500,PACC,SVM,0.041373583553351356,0.3213735835533514,0.28
876,76,500,PACC,SVM,0.02719890455117513,0.3191989045511751,0.292
877,77,500,PACC,SVM,0.06875783247083489,0.5912421675291651,0.66
878,78,500,PACC,SVM,0.05606406431973071,0.49993593568026934,0.556
879,79,500,PACC,SVM,0.11395466640011187,0.6680453335998882,0.782
880,80,500,PACC,SVM,0.056250358165662595,0.6077496418343374,0.664
881,81,500,PACC,SVM,0.01786781718984065,0.3881321828101594,0.406
882,82,500,PACC,SVM,0.1385282603311606,0.6754717396688393,0.814
883,83,500,PACC,SVM,0.07881780241556721,0.24481780241556722,0.166
884,84,500,PACC,SVM,0.1525082591651765,0.17450825916517648,0.022
885,85,500,PACC,SVM,0.11011673893560797,0.20011673893560797,0.09
886,86,500,PACC,SVM,0.09926766689634414,0.6227323331036558,0.722
887,87,500,PACC,SVM,0.0020696043027225164,0.46206960430272254,0.46
888,88,500,PACC,SVM,0.11249545040986128,0.2724954504098613,0.16
889,89,500,PACC,SVM,0.02271354936405018,0.4772864506359498,0.5
890,90,500,PACC,SVM,0.08655679697616081,0.2385567969761608,0.152
891,91,500,PACC,SVM,0.10765393076363305,0.5883460692363669,0.696
892,92,500,PACC,SVM,0.026861722657562537,0.41913827734243747,0.446
893,93,500,PACC,SVM,0.0179865108657824,0.3979865108657824,0.38
894,94,500,PACC,SVM,0.05695583520179426,0.35695583520179425,0.3
895,95,500,PACC,SVM,0.084267319701956,0.545732680298044,0.63
896,96,500,PACC,SVM,0.014199664553560254,0.37419966455356024,0.36
897,97,500,PACC,SVM,0.09663956763723863,0.18263956763723863,0.086
898,98,500,PACC,SVM,0.11135656951546744,0.22935656951546743,0.118
899,99,500,PACC,SVM,0.16995342397412594,0.790046576025874,0.96
900,0,100,HDy,LR,0.11165080732395127,0.6583491926760487,0.77
901,1,100,HDy,LR,0.005688519684020954,0.43568851968402095,0.43
902,2,100,HDy,LR,0.19456705159916632,0.6554329484008337,0.85
903,3,100,HDy,LR,0.020268849829918056,0.6697311501700819,0.69
904,4,100,HDy,LR,0.1063274725705955,0.1963274725705955,0.09
905,5,100,HDy,LR,0.15618409057759863,0.8138159094224013,0.97
906,6,100,HDy,LR,0.07647346369812802,0.683526536301872,0.76
907,7,100,HDy,LR,0.16855762216766712,0.6114423778323329,0.78
908,8,100,HDy,LR,0.1705757986556724,0.2905757986556724,0.12
909,9,100,HDy,LR,0.04838982334868769,0.4983898233486877,0.45
910,10,100,HDy,LR,0.1399552857860702,0.5099552857860702,0.37
911,11,100,HDy,LR,0.1776807095709544,0.7423192904290457,0.92
912,12,100,HDy,LR,0.03859520723895071,0.6014047927610493,0.64
913,13,100,HDy,LR,0.04656918787054609,0.7734308121294539,0.82
914,14,100,HDy,LR,0.012187692787279047,0.45218769278727905,0.44
915,15,100,HDy,LR,0.13094231942569853,0.35094231942569853,0.22
916,16,100,HDy,LR,0.007500939812587815,0.5424990601874122,0.55
917,17,100,HDy,LR,0.2673129342034258,0.3273129342034258,0.06
918,18,100,HDy,LR,0.13475346482453887,0.6852465351754611,0.82
919,19,100,HDy,LR,0.0020142295961262935,0.6320142295961263,0.63
920,20,100,HDy,LR,0.08775453931126642,0.6622454606887336,0.75
921,21,100,HDy,LR,0.16673521150277648,0.5167352115027765,0.35
922,22,100,HDy,LR,0.07985605428815246,0.8901439457118475,0.97
923,23,100,HDy,LR,0.1750850290361775,0.7149149709638225,0.89
924,24,100,HDy,LR,0.023743370951222476,0.7462566290487775,0.77
925,25,100,HDy,LR,0.1925165184356213,0.3825165184356213,0.19
926,26,100,HDy,LR,0.028907180184355563,0.43109281981564446,0.46
927,27,100,HDy,LR,0.17195365458266143,0.21195365458266144,0.04
928,28,100,HDy,LR,0.15592513766930774,0.30592513766930773,0.15
929,29,100,HDy,LR,0.08313468312928152,0.5968653168707185,0.68
930,30,100,HDy,LR,0.09106317240600947,0.6489368275939905,0.74
931,31,100,HDy,LR,0.20734814900540344,0.7526518509945965,0.96
932,32,100,HDy,LR,0.13101656333173517,0.4510165633317352,0.32
933,33,100,HDy,LR,0.001529325439015683,0.3684706745609843,0.37
934,34,100,HDy,LR,0.005358333902802936,0.46535833390280296,0.46
935,35,100,HDy,LR,0.2595597806513355,0.4395597806513355,0.18
936,36,100,HDy,LR,0.2628520891102159,0.3828520891102159,0.12
937,37,100,HDy,LR,0.07349039633126564,0.5434903963312656,0.47
938,38,100,HDy,LR,0.20675379078690517,0.4267537907869052,0.22
939,39,100,HDy,LR,0.12717601647189292,0.5328239835281071,0.66
940,40,100,HDy,LR,0.12400515265643847,0.5540051526564385,0.43
941,41,100,HDy,LR,0.18408236567497316,0.6459176343250268,0.83
942,42,100,HDy,LR,0.031480726895489974,0.66851927310451,0.7
943,43,100,HDy,LR,0.08149597062790526,0.39149597062790525,0.31
944,44,100,HDy,LR,0.14608848747035297,0.683911512529647,0.83
945,45,100,HDy,LR,0.09063638744302538,0.7093636125569747,0.8
946,46,100,HDy,LR,0.04325604643487191,0.4232560464348719,0.38
947,47,100,HDy,LR,0.2046319967047751,0.48463199670477514,0.28
948,48,100,HDy,LR,0.0529334775548701,0.62706652244513,0.68
949,49,100,HDy,LR,0.13313508233899046,0.26313508233899047,0.13
950,50,100,HDy,LR,0.2776895303651665,0.46768953036516653,0.19
951,51,100,HDy,LR,0.30980154240479424,0.30980154240479424,0.0
952,52,100,HDy,LR,0.1490509511967617,0.6309490488032383,0.78
953,53,100,HDy,LR,0.03340653606712396,0.693406536067124,0.66
954,54,100,HDy,LR,0.006162030478732983,0.7061620304787329,0.7
955,55,100,HDy,LR,0.010770043403172447,0.7907700434031725,0.78
956,56,100,HDy,LR,0.07586037666152395,0.525860376661524,0.45
957,57,100,HDy,LR,0.052035627301751375,0.6120356273017514,0.56
958,58,100,HDy,LR,0.22513928854904874,0.35513928854904875,0.13
959,59,100,HDy,LR,0.1971464008169252,0.3071464008169252,0.11
960,60,100,HDy,LR,0.03447907738315881,0.6255209226168412,0.66
961,61,100,HDy,LR,0.06727739751876605,0.537277397518766,0.47
962,62,100,HDy,LR,0.042401603704112056,0.517598396295888,0.56
963,63,100,HDy,LR,0.053449201455379014,0.706550798544621,0.76
964,64,100,HDy,LR,0.0007957048508594466,0.6292042951491406,0.63
965,65,100,HDy,LR,0.0530411611738989,0.6030411611738989,0.55
966,66,100,HDy,LR,0.04305911523278194,0.593059115232782,0.55
967,67,100,HDy,LR,0.14549393397350713,0.4454939339735071,0.3
968,68,100,HDy,LR,0.2934435603418796,0.3234435603418796,0.03
969,69,100,HDy,LR,0.05942775524186056,0.48942775524186055,0.43
970,70,100,HDy,LR,0.18660236998130655,0.39660236998130655,0.21
971,71,100,HDy,LR,0.12868289075188222,0.5286828907518822,0.4
972,72,100,HDy,LR,0.08331534303305366,0.7666846569669463,0.85
973,73,100,HDy,LR,0.12663403600703113,0.35663403600703114,0.23
974,74,100,HDy,LR,0.3259820181704752,0.37598201817047516,0.05
975,75,100,HDy,LR,0.11420740218151831,0.39420740218151834,0.28
976,76,100,HDy,LR,0.1357510134157766,0.4257510134157766,0.29
977,77,100,HDy,LR,0.015573901881790864,0.6444260981182092,0.66
978,78,100,HDy,LR,0.08599633043327304,0.464003669566727,0.55
979,79,100,HDy,LR,0.08785462577881697,0.692145374221183,0.78
980,80,100,HDy,LR,0.10572447974006316,0.5542755202599369,0.66
981,81,100,HDy,LR,0.0025798382431817535,0.39742016175681827,0.4
982,82,100,HDy,LR,0.0992871246368281,0.710712875363172,0.81
983,83,100,HDy,LR,0.12876099114368908,0.2887609911436891,0.16
984,84,100,HDy,LR,0.23151013487912706,0.25151013487912705,0.02
985,85,100,HDy,LR,0.306011915766051,0.39601191576605105,0.09
986,86,100,HDy,LR,0.043538514531244354,0.6764614854687556,0.72
987,87,100,HDy,LR,0.010259090736683796,0.4702590907366838,0.46
988,88,100,HDy,LR,0.14174520923913622,0.3017452092391362,0.16
989,89,100,HDy,LR,0.01975748683457168,0.5197574868345717,0.5
990,90,100,HDy,LR,0.2587819448862019,0.40878194488620184,0.15
991,91,100,HDy,LR,0.014018966733946425,0.6759810332660535,0.69
992,92,100,HDy,LR,0.051875735795735456,0.49187573579573546,0.44
993,93,100,HDy,LR,0.0879491464736093,0.4679491464736093,0.38
994,94,100,HDy,LR,0.09531421600860018,0.39531421600860017,0.3
995,95,100,HDy,LR,0.0121529311669194,0.6178470688330806,0.63
996,96,100,HDy,LR,0.04430145142700598,0.40430145142700596,0.36
997,97,100,HDy,LR,0.24506030804801288,0.3250603080480129,0.08
998,98,100,HDy,LR,0.15073823654623214,0.2607382365462321,0.11
999,99,100,HDy,LR,0.081969294891308,0.878030705108692,0.96
1000,0,200,HDy,LR,0.08843623328566119,0.6815637667143388,0.77
1001,1,200,HDy,LR,0.038919313122438515,0.4739193131224385,0.435
1002,2,200,HDy,LR,0.08357923441674076,0.7714207655832592,0.855
1003,3,200,HDy,LR,0.09037260725727037,0.6046273927427296,0.695
1004,4,200,HDy,LR,0.2682813732676119,0.35828137326761195,0.09
1005,5,200,HDy,LR,0.1487168856713602,0.8262831143286398,0.975
1006,6,200,HDy,LR,0.07463878956510472,0.6853612104348953,0.76
1007,7,200,HDy,LR,0.11098847763717778,0.6740115223628222,0.785
1008,8,200,HDy,LR,0.2651215041571294,0.3901215041571294,0.125
1009,9,200,HDy,LR,0.03767560992963542,0.48767560992963543,0.45
1010,10,200,HDy,LR,0.10518760954641643,0.4751876095464164,0.37
1011,11,200,HDy,LR,0.08386715215407603,0.841132847845924,0.925
1012,12,200,HDy,LR,0.012100241992279659,0.6521002419922797,0.64
1013,13,200,HDy,LR,0.06730979261517589,0.7526902073848241,0.82
1014,14,200,HDy,LR,0.04919806343952421,0.4891980634395242,0.44
1015,15,200,HDy,LR,0.1677084436117823,0.3927084436117823,0.225
1016,16,200,HDy,LR,0.04123897572884205,0.5912389757288421,0.55
1017,17,200,HDy,LR,0.2227444251684969,0.2827444251684969,0.06
1018,18,200,HDy,LR,0.08234693988046071,0.7426530601195392,0.825
1019,19,200,HDy,LR,0.09395775984885202,0.536042240151148,0.63
1020,20,200,HDy,LR,0.037056881050798296,0.7179431189492017,0.755
1021,21,200,HDy,LR,0.09597115499225611,0.4459711549922561,0.35
1022,22,200,HDy,LR,0.2023337616129417,0.7676662383870583,0.97
1023,23,200,HDy,LR,0.12350591613671935,0.7664940838632807,0.89
1024,24,200,HDy,LR,0.0877410265685239,0.6872589734314761,0.775
1025,25,200,HDy,LR,0.17718277526887444,0.36718277526887444,0.19
1026,26,200,HDy,LR,0.07209635073234727,0.5370963507323473,0.465
1027,27,200,HDy,LR,0.2605389278868249,0.3005389278868249,0.04
1028,28,200,HDy,LR,0.2005611319336422,0.3505611319336422,0.15
1029,29,200,HDy,LR,0.05748675116084112,0.6225132488391589,0.68
1030,30,200,HDy,LR,0.1480997570519922,0.5919002429480078,0.74
1031,31,200,HDy,LR,0.16204046992368581,0.8029595300763142,0.965
1032,32,200,HDy,LR,0.15437683626037307,0.4793768362603731,0.325
1033,33,200,HDy,LR,0.15208335441444043,0.5220833544144404,0.37
1034,34,200,HDy,LR,0.058964287231999146,0.5239642872319992,0.465
1035,35,200,HDy,LR,0.2305552548431568,0.4155552548431568,0.185
1036,36,200,HDy,LR,0.20047750841736234,0.32547750841736234,0.125
1037,37,200,HDy,LR,0.06471979166595898,0.539719791665959,0.475
1038,38,200,HDy,LR,0.1854097723187547,0.4104097723187547,0.225
1039,39,200,HDy,LR,0.06848479076279679,0.5965152092372032,0.665
1040,40,200,HDy,LR,0.04851615691591271,0.4835161569159127,0.435
1041,41,200,HDy,LR,0.10485368364973935,0.7251463163502606,0.83
1042,42,200,HDy,LR,0.006809638940703189,0.7068096389407031,0.7
1043,43,200,HDy,LR,0.16362665384760183,0.47362665384760183,0.31
1044,44,200,HDy,LR,0.10970982483123781,0.7202901751687621,0.83
1045,45,200,HDy,LR,0.09850279403877782,0.7014972059612222,0.8
1046,46,200,HDy,LR,0.036939293712788535,0.42193929371278854,0.385
1047,47,200,HDy,LR,0.19356330601381183,0.4785633060138118,0.285
1048,48,200,HDy,LR,0.038321317825096735,0.6416786821749033,0.68
1049,49,200,HDy,LR,0.21327373335325173,0.34827373335325174,0.135
1050,50,200,HDy,LR,0.1609161542229347,0.3559161542229347,0.195
1051,51,200,HDy,LR,0.27432898813622403,0.27932898813622403,0.005
1052,52,200,HDy,LR,0.058840089920148775,0.7261599100798513,0.785
1053,53,200,HDy,LR,0.05316273734725696,0.6068372626527431,0.66
1054,54,200,HDy,LR,0.0411391507276736,0.6638608492723264,0.705
1055,55,200,HDy,LR,0.031890028348964705,0.7481099716510353,0.78
1056,56,200,HDy,LR,0.10706017731539769,0.5620601773153977,0.455
1057,57,200,HDy,LR,0.01310942512153479,0.5518905748784652,0.565
1058,58,200,HDy,LR,0.1941638900140848,0.3291638900140848,0.135
1059,59,200,HDy,LR,0.23341918841534404,0.343419188415344,0.11
1060,60,200,HDy,LR,0.09681521059866183,0.5681847894013382,0.665
1061,61,200,HDy,LR,0.01628191382316846,0.4537180861768315,0.47
1062,62,200,HDy,LR,0.007419783819165415,0.5724197838191654,0.565
1063,63,200,HDy,LR,0.09810256461448763,0.6618974353855124,0.76
1064,64,200,HDy,LR,0.005059524037914875,0.6249404759620851,0.63
1065,65,200,HDy,LR,0.0798692095550334,0.6298692095550334,0.55
1066,66,200,HDy,LR,0.01379146599986758,0.5412085340001325,0.555
1067,67,200,HDy,LR,0.1184841366134265,0.4184841366134265,0.3
1068,68,200,HDy,LR,0.2883806203646575,0.3183806203646575,0.03
1069,69,200,HDy,LR,0.033823089366611325,0.4688230893666113,0.435
1070,70,200,HDy,LR,0.23110681724225843,0.4411068172422584,0.21
1071,71,200,HDy,LR,0.14500177032672412,0.5500017703267241,0.405
1072,72,200,HDy,LR,0.168822009092927,0.681177990907073,0.85
1073,73,200,HDy,LR,0.09740192796516942,0.3274019279651694,0.23
1074,74,200,HDy,LR,0.27990556035403835,0.33490556035403835,0.055
1075,75,200,HDy,LR,0.19835738368920686,0.4783573836892069,0.28
1076,76,200,HDy,LR,0.11806066514956637,0.40806066514956635,0.29
1077,77,200,HDy,LR,0.05299838882140406,0.607001611178596,0.66
1078,78,200,HDy,LR,0.018999849431764027,0.5739998494317641,0.555
1079,79,200,HDy,LR,0.05282317710887885,0.7271768228911212,0.78
1080,80,200,HDy,LR,0.051721675972883685,0.6082783240271163,0.66
1081,81,200,HDy,LR,0.06155478537433279,0.4665547853743328,0.405
1082,82,200,HDy,LR,0.06749572346197197,0.7425042765380281,0.81
1083,83,200,HDy,LR,0.22040543661228043,0.38540543661228044,0.165
1084,84,200,HDy,LR,0.26261063498420445,0.28261063498420447,0.02
1085,85,200,HDy,LR,0.23131474046796766,0.32131474046796765,0.09
1086,86,200,HDy,LR,0.10722703204008621,0.6127729679599138,0.72
1087,87,200,HDy,LR,0.06619345600402166,0.5261934560040217,0.46
1088,88,200,HDy,LR,0.21675175032019858,0.3767517503201986,0.16
1089,89,200,HDy,LR,0.016948843118867463,0.48305115688113254,0.5
1090,90,200,HDy,LR,0.21074527223838438,0.3607452722383844,0.15
1091,91,200,HDy,LR,0.048887184590358124,0.6461128154096418,0.695
1092,92,200,HDy,LR,0.05079317155546148,0.4957931715554615,0.445
1093,93,200,HDy,LR,0.14682047457963188,0.5268204745796319,0.38
1094,94,200,HDy,LR,0.14751231017502048,0.44751231017502047,0.3
1095,95,200,HDy,LR,0.005772442077167872,0.6242275579228321,0.63
1096,96,200,HDy,LR,0.10832602306683892,0.4683260230668389,0.36
1097,97,200,HDy,LR,0.20606497924244793,0.29106497924244795,0.085
1098,98,200,HDy,LR,0.23390360968838647,0.34890360968838646,0.115
1099,99,200,HDy,LR,0.20819216756764636,0.7518078324323536,0.96
1100,0,500,HDy,LR,0.09020684571986337,0.6817931542801366,0.772
1101,1,500,HDy,LR,0.05571165455026772,0.4937116545502677,0.438
1102,2,500,HDy,LR,0.09494711379732457,0.7630528862026754,0.858
1103,3,500,HDy,LR,0.03490236250135914,0.6610976374986408,0.696
1104,4,500,HDy,LR,0.2384792945565011,0.3324792945565011,0.094
1105,5,500,HDy,LR,0.18521601712047742,0.7887839828795226,0.974
1106,6,500,HDy,LR,0.0718789888406437,0.6881210111593563,0.76
1107,7,500,HDy,LR,0.09911028593255722,0.6868897140674428,0.786
1108,8,500,HDy,LR,0.1852556759426338,0.3132556759426338,0.128
1109,9,500,HDy,LR,0.011196607730260766,0.4611966077302608,0.45
1110,10,500,HDy,LR,0.09092954796267477,0.46092954796267477,0.37
1111,11,500,HDy,LR,0.12962866911914406,0.796371330880856,0.926
1112,12,500,HDy,LR,0.04550856817111826,0.5964914318288818,0.642
1113,13,500,HDy,LR,0.09639895111301122,0.7256010488869887,0.822
1114,14,500,HDy,LR,0.06934711948511346,0.5113471194851135,0.442
1115,15,500,HDy,LR,0.16431137108824936,0.39031137108824937,0.226
1116,16,500,HDy,LR,0.0004227825613548619,0.5544227825613549,0.554
1117,17,500,HDy,LR,0.22130513869176083,0.2833051386917608,0.062
1118,18,500,HDy,LR,0.09685841014008356,0.7291415898599164,0.826
1119,19,500,HDy,LR,0.03417679025278486,0.6641767902527849,0.63
1120,20,500,HDy,LR,0.08729117596888925,0.6707088240311108,0.758
1121,21,500,HDy,LR,0.06384058460285885,0.41784058460285883,0.354
1122,22,500,HDy,LR,0.16658992287778795,0.803410077122212,0.97
1123,23,500,HDy,LR,0.16890456233713647,0.7230954376628635,0.892
1124,24,500,HDy,LR,0.054836929000389056,0.723163070999611,0.778
1125,25,500,HDy,LR,0.1957249238405931,0.3897249238405931,0.194
1126,26,500,HDy,LR,0.04277111647250459,0.5087711164725046,0.466
1127,27,500,HDy,LR,0.20830349790909955,0.25030349790909956,0.042
1128,28,500,HDy,LR,0.19278603065045533,0.3467860306504553,0.154
1129,29,500,HDy,LR,0.00180938700636335,0.6801906129936367,0.682
1130,30,500,HDy,LR,0.05475357831572103,0.689246421684279,0.744
1131,31,500,HDy,LR,0.19497545645784697,0.771024543542153,0.966
1132,32,500,HDy,LR,0.13166543878894132,0.45566543878894133,0.324
1133,33,500,HDy,LR,0.07949713687808957,0.44949713687808956,0.37
1134,34,500,HDy,LR,0.07005898374893876,0.5380589837489388,0.468
1135,35,500,HDy,LR,0.15280856308822172,0.3408085630882217,0.188
1136,36,500,HDy,LR,0.18834256081944772,0.3163425608194477,0.128
1137,37,500,HDy,LR,0.024702660098016527,0.4987026600980165,0.474
1138,38,500,HDy,LR,0.16578939250951505,0.39178939250951506,0.226
1139,39,500,HDy,LR,0.015382997880420302,0.6526170021195797,0.668
1140,40,500,HDy,LR,0.041084722312627386,0.4770847223126274,0.436
1141,41,500,HDy,LR,0.13057893291887746,0.7014210670811225,0.832
1142,42,500,HDy,LR,0.025741660597136118,0.6742583394028638,0.7
1143,43,500,HDy,LR,0.11138872557134721,0.4233887255713472,0.312
1144,44,500,HDy,LR,0.13614725866269362,0.6958527413373063,0.832
1145,45,500,HDy,LR,0.07163678613855129,0.7323632138614488,0.804
1146,46,500,HDy,LR,0.147329854042071,0.533329854042071,0.386
1147,47,500,HDy,LR,0.12246078502742347,0.41046078502742345,0.288
1148,48,500,HDy,LR,0.010248192683996682,0.6717518073160034,0.682
1149,49,500,HDy,LR,0.17713047915487962,0.31513047915487963,0.138
1150,50,500,HDy,LR,0.17636244122751038,0.3743624412275104,0.198
1151,51,500,HDy,LR,0.2694457455750515,0.2754457455750515,0.006
1152,52,500,HDy,LR,0.1056107433668918,0.6803892566331082,0.786
1153,53,500,HDy,LR,0.043035291341597115,0.6209647086584029,0.664
1154,54,500,HDy,LR,0.08701230730650777,0.6169876926934922,0.704
1155,55,500,HDy,LR,0.10876190217861925,0.6712380978213808,0.78
1156,56,500,HDy,LR,0.07552695457374642,0.5335269545737464,0.458
1157,57,500,HDy,LR,0.015923929369927592,0.5520760706300724,0.568
1158,58,500,HDy,LR,0.16609586626829348,0.3040958662682935,0.138
1159,59,500,HDy,LR,0.2284390917827634,0.3424390917827634,0.114
1160,60,500,HDy,LR,0.062208874928602054,0.605791125071398,0.668
1161,61,500,HDy,LR,0.046161485766635146,0.5161614857666351,0.47
1162,62,500,HDy,LR,0.0484673865286106,0.6124673865286105,0.564
1163,63,500,HDy,LR,0.04260016173294734,0.7213998382670527,0.764
1164,64,500,HDy,LR,0.04023172053743196,0.593768279462568,0.634
1165,65,500,HDy,LR,0.021137400446572974,0.5308625995534271,0.552
1166,66,500,HDy,LR,0.02479771089772098,0.582797710897721,0.558
1167,67,500,HDy,LR,0.09559967969128214,0.3975996796912821,0.302
1168,68,500,HDy,LR,0.2807009914000723,0.31070099140007235,0.03
1169,69,500,HDy,LR,0.07021601869478006,0.5062160186947801,0.436
1170,70,500,HDy,LR,0.1539925428232232,0.3679925428232232,0.214
1171,71,500,HDy,LR,0.03244858113519916,0.44044858113519914,0.408
1172,72,500,HDy,LR,0.14101929672257707,0.7109807032774229,0.852
1173,73,500,HDy,LR,0.19307536611224516,0.42507536611224517,0.232
1174,74,500,HDy,LR,0.2209913557218391,0.2789913557218391,0.058
1175,75,500,HDy,LR,0.12757926974018885,0.4075792697401889,0.28
1176,76,500,HDy,LR,0.1064650425799572,0.3984650425799572,0.292
1177,77,500,HDy,LR,0.00687868302468464,0.6531213169753154,0.66
1178,78,500,HDy,LR,0.020747793618873023,0.5767477936188731,0.556
1179,79,500,HDy,LR,0.08421516329518253,0.6977848367048175,0.782
1180,80,500,HDy,LR,0.007279937461639907,0.6567200625383601,0.664
1181,81,500,HDy,LR,0.05306257973867823,0.45906257973867826,0.406
1182,82,500,HDy,LR,0.08450440820137617,0.7294955917986238,0.814
1183,83,500,HDy,LR,0.14003085906843196,0.30603085906843197,0.166
1184,84,500,HDy,LR,0.24050256206841827,0.26250256206841827,0.022
1185,85,500,HDy,LR,0.21910642788251652,0.3091064278825165,0.09
1186,86,500,HDy,LR,0.05226960828642413,0.6697303917135758,0.722
1187,87,500,HDy,LR,0.03130674245404924,0.49130674245404926,0.46
1188,88,500,HDy,LR,0.22137736981801084,0.38137736981801085,0.16
1189,89,500,HDy,LR,0.0681388717995971,0.5681388717995971,0.5
1190,90,500,HDy,LR,0.17761398198167014,0.32961398198167013,0.152
1191,91,500,HDy,LR,0.06884135294871863,0.6271586470512813,0.696
1192,92,500,HDy,LR,0.06262941819058138,0.5086294181905814,0.446
1193,93,500,HDy,LR,0.11414775706896912,0.49414775706896913,0.38
1194,94,500,HDy,LR,0.15502866031376988,0.4550286603137699,0.3
1195,95,500,HDy,LR,0.012349035151639653,0.6176509648483604,0.63
1196,96,500,HDy,LR,0.09963126951149831,0.4596312695114983,0.36
1197,97,500,HDy,LR,0.22169745688724316,0.30769745688724315,0.086
1198,98,500,HDy,LR,0.21004044283229162,0.3280404428322916,0.118
1199,99,500,HDy,LR,0.15194309193919775,0.8080569080608022,0.96
1200,0,100,EMQ,SVM,0.155003931495716,0.614996068504284,0.77
1201,1,100,EMQ,SVM,0.10667613893777739,0.3233238610622226,0.43
1202,2,100,EMQ,SVM,0.14416383354169282,0.7058361664583072,0.85
1203,3,100,EMQ,SVM,0.08548710630859213,0.6045128936914078,0.69
1204,4,100,EMQ,SVM,0.020995183666135023,0.11099518366613502,0.09
1205,5,100,EMQ,SVM,0.15856076507699657,0.8114392349230034,0.97
1206,6,100,EMQ,SVM,0.14309541595383413,0.6169045840461659,0.76
1207,7,100,EMQ,SVM,0.17042275827487274,0.6095772417251273,0.78
1208,8,100,EMQ,SVM,0.025583564512030504,0.1455835645120305,0.12
1209,9,100,EMQ,SVM,0.06507118223279301,0.384928817767207,0.45
1210,10,100,EMQ,SVM,0.04024842426958586,0.32975157573041414,0.37
1211,11,100,EMQ,SVM,0.15742831822329229,0.7625716817767078,0.92
1212,12,100,EMQ,SVM,0.04819824630993963,0.5918017536900604,0.64
1213,13,100,EMQ,SVM,0.11107152018214217,0.7089284798178578,0.82
1214,14,100,EMQ,SVM,0.11025527996871043,0.3297447200312896,0.44
1215,15,100,EMQ,SVM,0.05578928285142071,0.1642107171485793,0.22
1216,16,100,EMQ,SVM,0.06654034346299631,0.48345965653700373,0.55
1217,17,100,EMQ,SVM,0.10028508006033782,0.16028508006033781,0.06
1218,18,100,EMQ,SVM,0.12213876057086204,0.6978612394291379,0.82
1219,19,100,EMQ,SVM,0.08875820407928547,0.5412417959207145,0.63
1220,20,100,EMQ,SVM,0.07752473833493301,0.672475261665067,0.75
1221,21,100,EMQ,SVM,0.04728639969399656,0.39728639969399654,0.35
1222,22,100,EMQ,SVM,0.07698257449165025,0.8930174255083497,0.97
1223,23,100,EMQ,SVM,0.1493454394700794,0.7406545605299206,0.89
1224,24,100,EMQ,SVM,0.1483548344070995,0.6216451655929005,0.77
1225,25,100,EMQ,SVM,0.028463706642676806,0.2184637066426768,0.19
1226,26,100,EMQ,SVM,0.12492058185868177,0.33507941814131825,0.46
1227,27,100,EMQ,SVM,0.06244006512792962,0.10244006512792962,0.04
1228,28,100,EMQ,SVM,0.05960507132440171,0.2096050713244017,0.15
1229,29,100,EMQ,SVM,0.08746455315345991,0.5925354468465401,0.68
1230,30,100,EMQ,SVM,0.08578863089700983,0.6542113691029902,0.74
1231,31,100,EMQ,SVM,0.20808965623481257,0.7519103437651874,0.96
1232,32,100,EMQ,SVM,0.02504651376618633,0.2949534862338137,0.32
1233,33,100,EMQ,SVM,0.1121705420276582,0.2578294579723418,0.37
1234,34,100,EMQ,SVM,0.08898525297129589,0.37101474702870413,0.46
1235,35,100,EMQ,SVM,0.0802076684074835,0.2602076684074835,0.18
1236,36,100,EMQ,SVM,0.05009395613701664,0.17009395613701664,0.12
1237,37,100,EMQ,SVM,0.024934795599192705,0.4949347955991927,0.47
1238,38,100,EMQ,SVM,0.009894701444864623,0.21010529855513538,0.22
1239,39,100,EMQ,SVM,0.08056123927261172,0.5794387607273883,0.66
1240,40,100,EMQ,SVM,0.035864077610016865,0.39413592238998313,0.43
1241,41,100,EMQ,SVM,0.21211254906368726,0.6178874509363127,0.83
1242,42,100,EMQ,SVM,0.06989560424300945,0.6301043957569905,0.7
1243,43,100,EMQ,SVM,0.005948648712846394,0.3159486487128464,0.31
1244,44,100,EMQ,SVM,0.14874822498169826,0.6812517750183017,0.83
1245,45,100,EMQ,SVM,0.06700693160053905,0.732993068399461,0.8
1246,46,100,EMQ,SVM,0.058986080482943126,0.3210139195170569,0.38
1247,47,100,EMQ,SVM,0.07442017859237526,0.3544201785923753,0.28
1248,48,100,EMQ,SVM,0.11774967130645786,0.5622503286935422,0.68
1249,49,100,EMQ,SVM,0.02258096627500114,0.10741903372499886,0.13
1250,50,100,EMQ,SVM,0.048575448629874146,0.23857544862987415,0.19
1251,51,100,EMQ,SVM,0.051643013782064574,0.051643013782064574,0.0
1252,52,100,EMQ,SVM,0.16364640290066523,0.6163535970993348,0.78
1253,53,100,EMQ,SVM,0.07714468789791717,0.5828553121020829,0.66
1254,54,100,EMQ,SVM,0.06510489159852362,0.6348951084014763,0.7
1255,55,100,EMQ,SVM,0.04989687056893477,0.7301031294310653,0.78
1256,56,100,EMQ,SVM,0.018678763174371227,0.46867876317437124,0.45
1257,57,100,EMQ,SVM,0.05379814854397025,0.5062018514560298,0.56
1258,58,100,EMQ,SVM,0.05773329418852957,0.18773329418852958,0.13
1259,59,100,EMQ,SVM,0.014875907196979413,0.12487590719697941,0.11
1260,60,100,EMQ,SVM,0.06924839306708541,0.5907516069329146,0.66
1261,61,100,EMQ,SVM,0.04484207900316156,0.4251579209968384,0.47
1262,62,100,EMQ,SVM,0.03207095990471309,0.527929040095287,0.56
1263,63,100,EMQ,SVM,0.08747623324912979,0.6725237667508702,0.76
1264,64,100,EMQ,SVM,0.02793480590576336,0.6020651940942366,0.63
1265,65,100,EMQ,SVM,0.026374276864917,0.523625723135083,0.55
1266,66,100,EMQ,SVM,0.01241533813750706,0.5624153381375071,0.55
1267,67,100,EMQ,SVM,0.0022998408372501555,0.29770015916274983,0.3
1268,68,100,EMQ,SVM,0.10371239823209286,0.13371239823209286,0.03
1269,69,100,EMQ,SVM,0.09731877671202938,0.3326812232879706,0.43
1270,70,100,EMQ,SVM,0.015017325508970364,0.22501732550897036,0.21
1271,71,100,EMQ,SVM,0.04632969848549351,0.3536703015145065,0.4
1272,72,100,EMQ,SVM,0.1495607373412321,0.7004392626587679,0.85
1273,73,100,EMQ,SVM,0.013450496983251792,0.2434504969832518,0.23
1274,74,100,EMQ,SVM,0.04434741184405684,0.09434741184405684,0.05
1275,75,100,EMQ,SVM,0.04027173700969383,0.2397282629903062,0.28
1276,76,100,EMQ,SVM,0.03810986417353668,0.2518901358264633,0.29
1277,77,100,EMQ,SVM,0.07749316464222822,0.5825068353577718,0.66
1278,78,100,EMQ,SVM,0.15009137983952164,0.3999086201604784,0.55
1279,79,100,EMQ,SVM,0.11770428503537667,0.6622957149646234,0.78
1280,80,100,EMQ,SVM,0.10912367551149793,0.5508763244885021,0.66
1281,81,100,EMQ,SVM,0.04803013493857217,0.35196986506142786,0.4
1282,82,100,EMQ,SVM,0.10158276091771445,0.7084172390822856,0.81
1283,83,100,EMQ,SVM,0.02290303831009896,0.13709696168990104,0.16
1284,84,100,EMQ,SVM,0.06722294054757894,0.08722294054757894,0.02
1285,85,100,EMQ,SVM,0.1035075801455356,0.1935075801455356,0.09
1286,86,100,EMQ,SVM,0.048532195530247124,0.6714678044697528,0.72
1287,87,100,EMQ,SVM,0.04338222460709912,0.4166177753929009,0.46
1288,88,100,EMQ,SVM,0.010639127603884607,0.1493608723961154,0.16
1289,89,100,EMQ,SVM,0.06645785102832041,0.4335421489716796,0.5
1290,90,100,EMQ,SVM,0.007272026460775072,0.15727202646077507,0.15
1291,91,100,EMQ,SVM,0.05921625547536058,0.6307837445246394,0.69
1292,92,100,EMQ,SVM,0.05161545814155866,0.38838454185844135,0.44
1293,93,100,EMQ,SVM,0.030450283816493395,0.3495497161835066,0.38
1294,94,100,EMQ,SVM,0.025638327237196057,0.27436167276280393,0.3
1295,95,100,EMQ,SVM,0.026793435476035743,0.6032065645239643,0.63
1296,96,100,EMQ,SVM,0.09132182992758064,0.26867817007241934,0.36
1297,97,100,EMQ,SVM,0.11747813239571843,0.19747813239571843,0.08
1298,98,100,EMQ,SVM,0.01916784475750731,0.09083215524249269,0.11
1299,99,100,EMQ,SVM,0.08709403829622331,0.8729059617037767,0.96
1300,0,200,EMQ,SVM,0.13015248967395365,0.6398475103260464,0.77
1301,1,200,EMQ,SVM,0.059946808351482805,0.3750531916485172,0.435
1302,2,200,EMQ,SVM,0.07947402214426702,0.775525977855733,0.855
1303,3,200,EMQ,SVM,0.12173137373198739,0.5732686262680126,0.695
1304,4,200,EMQ,SVM,0.05895366671670926,0.14895366671670926,0.09
1305,5,200,EMQ,SVM,0.13274183679568063,0.8422581632043193,0.975
1306,6,200,EMQ,SVM,0.1441848279109076,0.6158151720890924,0.76
1307,7,200,EMQ,SVM,0.1257485824924669,0.6592514175075331,0.785
1308,8,200,EMQ,SVM,0.022831425452939286,0.14783142545293929,0.125
1309,9,200,EMQ,SVM,0.01914213651623181,0.4308578634837682,0.45
1310,10,200,EMQ,SVM,0.011912319955175,0.358087680044825,0.37
1311,11,200,EMQ,SVM,0.05563074676726476,0.8693692532327353,0.925
1312,12,200,EMQ,SVM,0.0835681109178007,0.5564318890821993,0.64
1313,13,200,EMQ,SVM,0.10305058597526517,0.7169494140247348,0.82
1314,14,200,EMQ,SVM,0.008124091217560858,0.43187590878243914,0.44
1315,15,200,EMQ,SVM,0.03149323708269461,0.2564932370826946,0.225
1316,16,200,EMQ,SVM,0.06502709121845157,0.4849729087815485,0.55
1317,17,200,EMQ,SVM,0.06802889584508948,0.12802889584508947,0.06
1318,18,200,EMQ,SVM,0.09412389623051665,0.7308761037694833,0.825
1319,19,200,EMQ,SVM,0.12052114814695791,0.5094788518530421,0.63
1320,20,200,EMQ,SVM,0.08303375371939536,0.6719662462806046,0.755
1321,21,200,EMQ,SVM,0.02912922964660636,0.3208707703533936,0.35
1322,22,200,EMQ,SVM,0.16479479257664553,0.8052052074233544,0.97
1323,23,200,EMQ,SVM,0.14101338204169245,0.7489866179583076,0.89
1324,24,200,EMQ,SVM,0.1059423003096569,0.6690576996903431,0.775
1325,25,200,EMQ,SVM,0.022037688137637373,0.21203768813763738,0.19
1326,26,200,EMQ,SVM,0.02976199983181793,0.4352380001681821,0.465
1327,27,200,EMQ,SVM,0.04683410853623591,0.08683410853623591,0.04
1328,28,200,EMQ,SVM,0.054498538451307726,0.20449853845130772,0.15
1329,29,200,EMQ,SVM,0.11851578144978636,0.5614842185502137,0.68
1330,30,200,EMQ,SVM,0.12489199324758948,0.6151080067524105,0.74
1331,31,200,EMQ,SVM,0.13718492905264368,0.8278150709473563,0.965
1332,32,200,EMQ,SVM,0.02537379106917803,0.299626208930822,0.325
1333,33,200,EMQ,SVM,0.0004078402760533395,0.37040784027605334,0.37
1334,34,200,EMQ,SVM,0.04583131890897324,0.4191686810910268,0.465
1335,35,200,EMQ,SVM,0.003428648691387759,0.18842864869138776,0.185
1336,36,200,EMQ,SVM,0.013432830505535065,0.13843283050553506,0.125
1337,37,200,EMQ,SVM,0.02656079170648229,0.4484392082935177,0.475
1338,38,200,EMQ,SVM,0.03421924529736356,0.25921924529736357,0.225
1339,39,200,EMQ,SVM,0.13721237026564026,0.5277876297343598,0.665
1340,40,200,EMQ,SVM,0.04529460481002412,0.3897053951899759,0.435
1341,41,200,EMQ,SVM,0.13385467828416275,0.6961453217158372,0.83
1342,42,200,EMQ,SVM,0.05153344382422853,0.6484665561757714,0.7
1343,43,200,EMQ,SVM,0.02157163106138399,0.331571631061384,0.31
1344,44,200,EMQ,SVM,0.07931952441060908,0.7506804755893909,0.83
1345,45,200,EMQ,SVM,0.12936570479832687,0.6706342952016732,0.8
1346,46,200,EMQ,SVM,0.022658309976313407,0.3623416900236866,0.385
1347,47,200,EMQ,SVM,0.002979693538266215,0.28202030646173376,0.285
1348,48,200,EMQ,SVM,0.07594583335799598,0.6040541666420041,0.68
1349,49,200,EMQ,SVM,0.03821918994430501,0.17321918994430502,0.135
1350,50,200,EMQ,SVM,0.023398694445088547,0.17160130555491146,0.195
1351,51,200,EMQ,SVM,0.059987735143880304,0.0649877351438803,0.005
1352,52,200,EMQ,SVM,0.11512260284053966,0.6698773971594604,0.785
1353,53,200,EMQ,SVM,0.0650572083819525,0.5949427916180475,0.66
1354,54,200,EMQ,SVM,0.08435594182113126,0.6206440581788687,0.705
1355,55,200,EMQ,SVM,0.06695824022523944,0.7130417597747606,0.78
1356,56,200,EMQ,SVM,0.019705608311671452,0.43529439168832856,0.455
1357,57,200,EMQ,SVM,0.06300920260499521,0.5019907973950047,0.565
1358,58,200,EMQ,SVM,0.021214605720102808,0.15621460572010282,0.135
1359,59,200,EMQ,SVM,0.04064179432124672,0.15064179432124672,0.11
1360,60,200,EMQ,SVM,0.11883558680222162,0.5461644131977784,0.665
1361,61,200,EMQ,SVM,0.07932577973724075,0.3906742202627592,0.47
1362,62,200,EMQ,SVM,0.0799429151260091,0.48505708487399085,0.565
1363,63,200,EMQ,SVM,0.10206909060560176,0.6579309093943982,0.76
1364,64,200,EMQ,SVM,0.1219810604954884,0.5080189395045116,0.63
1365,65,200,EMQ,SVM,0.00017763724982589046,0.5501776372498259,0.55
1366,66,200,EMQ,SVM,0.0759241407687653,0.47907585923123475,0.555
1367,67,200,EMQ,SVM,0.04066538433317385,0.25933461566682614,0.3
1368,68,200,EMQ,SVM,0.05611717034363692,0.08611717034363692,0.03
1369,69,200,EMQ,SVM,0.049389508766697454,0.38561049123330254,0.435
1370,70,200,EMQ,SVM,0.021925957163197368,0.23192595716319736,0.21
1371,71,200,EMQ,SVM,0.01160095895717389,0.4166009589571739,0.405
1372,72,200,EMQ,SVM,0.16939330941634523,0.6806066905836547,0.85
1373,73,200,EMQ,SVM,0.001203740436744427,0.22879625956325558,0.23
1374,74,200,EMQ,SVM,0.061190561133861614,0.11619056113386161,0.055
1375,75,200,EMQ,SVM,0.043834210915985106,0.32383421091598513,0.28
1376,76,200,EMQ,SVM,0.0362491069062123,0.2537508930937877,0.29
1377,77,200,EMQ,SVM,0.10848691356964091,0.5515130864303591,0.66
1378,78,200,EMQ,SVM,0.06173463482182495,0.4932653651781751,0.555
1379,79,200,EMQ,SVM,0.058552468933137924,0.7214475310668621,0.78
1380,80,200,EMQ,SVM,0.12547657103642873,0.5345234289635713,0.66
1381,81,200,EMQ,SVM,0.018041002315198396,0.4230410023151984,0.405
1382,82,200,EMQ,SVM,0.08839577556347755,0.7216042244365225,0.81
1383,83,200,EMQ,SVM,0.018010215665928253,0.18301021566592826,0.165
1384,84,200,EMQ,SVM,0.05275388886949196,0.07275388886949197,0.02
1385,85,200,EMQ,SVM,0.04269441754891859,0.1326944175489186,0.09
1386,86,200,EMQ,SVM,0.11407232421565561,0.6059276757843444,0.72
1387,87,200,EMQ,SVM,0.09698881194474923,0.3630111880552508,0.46
1388,88,200,EMQ,SVM,0.018697506066052222,0.14130249393394778,0.16
1389,89,200,EMQ,SVM,0.04254452914720935,0.45745547085279065,0.5
1390,90,200,EMQ,SVM,0.044051587479114473,0.19405158747911447,0.15
1391,91,200,EMQ,SVM,0.08052588557159257,0.6144741144284074,0.695
1392,92,200,EMQ,SVM,0.04470185957808959,0.4002981404219104,0.445
1393,93,200,EMQ,SVM,0.016806794002941827,0.3631932059970582,0.38
1394,94,200,EMQ,SVM,0.019498741184852175,0.31949874118485216,0.3
1395,95,200,EMQ,SVM,0.09025923949578551,0.5397407605042145,0.63
1396,96,200,EMQ,SVM,0.01421826007746152,0.3742182600774615,0.36
1397,97,200,EMQ,SVM,0.019656346628677254,0.10465634662867726,0.085
1398,98,200,EMQ,SVM,0.0011546084110682642,0.11615460841106827,0.115
1399,99,200,EMQ,SVM,0.1781986084687791,0.7818013915312209,0.96
1400,0,500,EMQ,SVM,0.12941245253361378,0.6425875474663862,0.772
1401,1,500,EMQ,SVM,0.057888682605853115,0.3801113173941469,0.438
1402,2,500,EMQ,SVM,0.09372226984712528,0.7642777301528747,0.858
1403,3,500,EMQ,SVM,0.11312205321470048,0.5828779467852995,0.696
1404,4,500,EMQ,SVM,0.06429152622283618,0.15829152622283618,0.094
1405,5,500,EMQ,SVM,0.15813887308357177,0.8158611269164282,0.974
1406,6,500,EMQ,SVM,0.08891059097365184,0.6710894090263482,0.76
1407,7,500,EMQ,SVM,0.11340729638586189,0.6725927036141381,0.786
1408,8,500,EMQ,SVM,0.01851429760104642,0.14651429760104642,0.128
1409,9,500,EMQ,SVM,0.06463767078776139,0.3853623292122386,0.45
1410,10,500,EMQ,SVM,0.033063764374538396,0.3369362356254616,0.37
1411,11,500,EMQ,SVM,0.11554526242930452,0.8104547375706955,0.926
1412,12,500,EMQ,SVM,0.07629611787739465,0.5657038821226054,0.642
1413,13,500,EMQ,SVM,0.10212238224842374,0.7198776177515762,0.822
1414,14,500,EMQ,SVM,0.04076404852155879,0.4012359514784412,0.442
1415,15,500,EMQ,SVM,0.0044348738047864655,0.22156512619521354,0.226
1416,16,500,EMQ,SVM,0.06483773073642324,0.4891622692635768,0.554
1417,17,500,EMQ,SVM,0.04182374259928255,0.10382374259928255,0.062
1418,18,500,EMQ,SVM,0.1034750371503812,0.7225249628496188,0.826
1419,19,500,EMQ,SVM,0.046629762368669225,0.5833702376313308,0.63
1420,20,500,EMQ,SVM,0.12213325000800013,0.6358667499919999,0.758
1421,21,500,EMQ,SVM,0.018802129599814976,0.335197870400185,0.354
1422,22,500,EMQ,SVM,0.149286050677777,0.820713949322223,0.97
1423,23,500,EMQ,SVM,0.14407516523708275,0.7479248347629173,0.892
1424,24,500,EMQ,SVM,0.07955192300132341,0.6984480769986766,0.778
1425,25,500,EMQ,SVM,0.029078516204576244,0.22307851620457625,0.194
1426,26,500,EMQ,SVM,0.049494813332650545,0.4165051866673495,0.466
1427,27,500,EMQ,SVM,0.035316086746636395,0.0773160867466364,0.042
1428,28,500,EMQ,SVM,0.03170696296492112,0.18570696296492112,0.154
1429,29,500,EMQ,SVM,0.05166226463543466,0.6303377353645654,0.682
1430,30,500,EMQ,SVM,0.06680636434328058,0.6771936356567194,0.744
1431,31,500,EMQ,SVM,0.1749541699450985,0.7910458300549015,0.966
1432,32,500,EMQ,SVM,0.00662454434154236,0.33062454434154237,0.324
1433,33,500,EMQ,SVM,0.010428983271023817,0.3595710167289762,0.37
1434,34,500,EMQ,SVM,0.02437035512760105,0.443629644872399,0.468
1435,35,500,EMQ,SVM,0.03054782804828321,0.2185478280482832,0.188
1436,36,500,EMQ,SVM,0.00417294860137421,0.1321729486013742,0.128
1437,37,500,EMQ,SVM,0.043718092658885876,0.4302819073411141,0.474
1438,38,500,EMQ,SVM,0.005075321925880394,0.2310753219258804,0.226
1439,39,500,EMQ,SVM,0.04095089010662911,0.6270491098933709,0.668
1440,40,500,EMQ,SVM,0.06312861624575161,0.3728713837542484,0.436
1441,41,500,EMQ,SVM,0.1313049828713928,0.7006950171286072,0.832
1442,42,500,EMQ,SVM,0.0885765972939222,0.6114234027060778,0.7
1443,43,500,EMQ,SVM,0.008213909931133356,0.30378609006886664,0.312
1444,44,500,EMQ,SVM,0.13422743989062447,0.6977725601093755,0.832
1445,45,500,EMQ,SVM,0.09914579620263098,0.7048542037973691,0.804
1446,46,500,EMQ,SVM,0.012209628734788258,0.39820962873478827,0.386
1447,47,500,EMQ,SVM,0.025037012447061413,0.26296298755293857,0.288
1448,48,500,EMQ,SVM,0.07897395481561575,0.6030260451843843,0.682
1449,49,500,EMQ,SVM,0.0194814590071265,0.1574814590071265,0.138
1450,50,500,EMQ,SVM,0.023633098524280055,0.22163309852428006,0.198
1451,51,500,EMQ,SVM,0.07667155021634514,0.08267155021634515,0.006
1452,52,500,EMQ,SVM,0.10941237496845146,0.6765876250315486,0.786
1453,53,500,EMQ,SVM,0.09588354942732424,0.5681164505726758,0.664
1454,54,500,EMQ,SVM,0.10151836213627952,0.6024816378637204,0.704
1455,55,500,EMQ,SVM,0.1265951351264386,0.6534048648735614,0.78
1456,56,500,EMQ,SVM,0.04499420313462993,0.4130057968653701,0.458
1457,57,500,EMQ,SVM,0.06751053684443642,0.5004894631555635,0.568
1458,58,500,EMQ,SVM,0.019907428068390437,0.15790742806839045,0.138
1459,59,500,EMQ,SVM,0.034634804542528694,0.1486348045425287,0.114
1460,60,500,EMQ,SVM,0.1162636080926257,0.5517363919073743,0.668
1461,61,500,EMQ,SVM,0.06692551661597201,0.40307448338402796,0.47
1462,62,500,EMQ,SVM,0.052896125831485064,0.5111038741685149,0.564
1463,63,500,EMQ,SVM,0.07878585158895879,0.6852141484110412,0.764
1464,64,500,EMQ,SVM,0.08705870079373756,0.5469412992062624,0.634
1465,65,500,EMQ,SVM,0.072531033543148,0.47946896645685205,0.552
1466,66,500,EMQ,SVM,0.06580348742698827,0.4921965125730118,0.558
1467,67,500,EMQ,SVM,0.02324845425020916,0.27875154574979083,0.302
1468,68,500,EMQ,SVM,0.08151548535371446,0.11151548535371446,0.03
1469,69,500,EMQ,SVM,0.023121909229854187,0.4128780907701458,0.436
1470,70,500,EMQ,SVM,0.02132201894888794,0.23532201894888793,0.214
1471,71,500,EMQ,SVM,0.03383134491768719,0.3741686550823128,0.408
1472,72,500,EMQ,SVM,0.11567387248716221,0.7363261275128378,0.852
1473,73,500,EMQ,SVM,0.0032820111062669133,0.23528201110626693,0.232
1474,74,500,EMQ,SVM,0.055635132882673445,0.11363513288267345,0.058
1475,75,500,EMQ,SVM,0.016738518357907184,0.26326148164209284,0.28
1476,76,500,EMQ,SVM,0.028730995063622033,0.26326900493637795,0.292
1477,77,500,EMQ,SVM,0.0691529716863164,0.5908470283136836,0.66
1478,78,500,EMQ,SVM,0.07896978257281367,0.4770302174271864,0.556
1479,79,500,EMQ,SVM,0.09580740886973993,0.6861925911302601,0.782
1480,80,500,EMQ,SVM,0.052732234914894205,0.6112677650851058,0.664
1481,81,500,EMQ,SVM,0.05713383724545934,0.3488661627545407,0.406
1482,82,500,EMQ,SVM,0.1188996523011876,0.6951003476988123,0.814
1483,83,500,EMQ,SVM,0.007283908597595673,0.17328390859759568,0.166
1484,84,500,EMQ,SVM,0.07361637273843888,0.09561637273843887,0.022
1485,85,500,EMQ,SVM,0.03427386690550875,0.12427386690550875,0.09
1486,86,500,EMQ,SVM,0.09274244647903584,0.6292575535209641,0.722
1487,87,500,EMQ,SVM,0.023761337971562657,0.43623866202843736,0.46
1488,88,500,EMQ,SVM,0.03928094179039002,0.19928094179039002,0.16
1489,89,500,EMQ,SVM,0.051660910544645944,0.44833908945535406,0.5
1490,90,500,EMQ,SVM,0.01999652268099783,0.17199652268099783,0.152
1491,91,500,EMQ,SVM,0.1085350918267991,0.5874649081732009,0.696
1492,92,500,EMQ,SVM,0.0703653955266304,0.3756346044733696,0.446
1493,93,500,EMQ,SVM,0.0212500396059479,0.3587499603940521,0.38
1494,94,500,EMQ,SVM,0.009681663704398158,0.30968166370439815,0.3
1495,95,500,EMQ,SVM,0.0953082680120968,0.5346917319879032,0.63
1496,96,500,EMQ,SVM,0.035877713130757216,0.32412228686924277,0.36
1497,97,500,EMQ,SVM,0.021619304707911444,0.10761930470791144,0.086
1498,98,500,EMQ,SVM,0.03749786164135105,0.15549786164135104,0.118
1499,99,500,EMQ,SVM,0.12056830407649899,0.839431695923501,0.96
